,Month,Year,Adm1,Temp,MoY
1,1,2010,Gao,13.55546129,1_2010
2,2,2010,Gao,17.75050714,2_2010
3,3,2010,Gao,18.32273226,3_2010
4,4,2010,Gao,23.66631667,4_2010
5,5,2010,Gao,26.67188387,5_2010
6,6,2010,Gao,28.67830667,6_2010
7,7,2010,Gao,27.4894,7_2010
8,8,2010,Gao,27.7949871,8_2010
9,9,2010,Gao,26.68317333,9_2010
10,10,2010,Gao,24.73417097,10_2010
11,11,2010,Gao,19.03165333,11_2010
12,12,2010,Gao,13.81406129,12_2010
13,1,2011,Gao,13.4700871,1_2011
14,2,2011,Gao,15.33378571,2_2011
15,3,2011,Gao,20.21475806,3_2011
16,4,2011,Gao,22.15354333,4_2011
17,5,2011,Gao,26.20791613,5_2011
18,6,2011,Gao,28.57273,6_2011
19,7,2011,Gao,28.44707742,7_2011
20,8,2011,Gao,27.21372258,8_2011
21,9,2011,Gao,25.90432333,9_2011
22,10,2011,Gao,21.84994516,10_2011
23,11,2011,Gao,16.60695,11_2011
24,12,2011,Gao,11.4018129,12_2011
25,1,2012,Gao,11.71919032,1_2012
26,2,2012,Gao,15.97359655,2_2012
27,3,2012,Gao,17.13416452,3_2012
28,4,2012,Gao,23.8681,4_2012
29,5,2012,Gao,26.03468065,5_2012
30,6,2012,Gao,28.01165,6_2012
31,7,2012,Gao,27.94817742,7_2012
32,8,2012,Gao,27.18100323,8_2012
33,9,2012,Gao,27.06376667,9_2012
34,10,2012,Gao,23.7379,10_2012
35,11,2012,Gao,19.08361667,11_2012
36,12,2012,Gao,14.20561935,12_2012
37,1,2013,Gao,12.44669032,1_2013
38,2,2013,Gao,14.29003571,2_2013
39,3,2013,Gao,20.28259355,3_2013
40,4,2013,Gao,21.35536333,4_2013
41,5,2013,Gao,26.45880968,5_2013
42,6,2013,Gao,26.50424667,6_2013
43,7,2013,Gao,27.78829677,7_2013
44,8,2013,Gao,27.0697,8_2013
45,9,2013,Gao,26.71436,9_2013
46,10,2013,Gao,22.57399355,10_2013
47,11,2013,Gao,17.89889333,11_2013
48,12,2013,Gao,13.13416129,12_2013
49,1,2014,Gao,14.87203226,1_2014
50,2,2014,Gao,14.40218214,2_2014
51,3,2014,Gao,17.22797419,3_2014
52,4,2014,Gao,21.69991333,4_2014
53,5,2014,Gao,27.02752581,5_2014
54,6,2014,Gao,28.47343,6_2014
55,7,2014,Gao,28.29514194,7_2014
56,8,2014,Gao,26.85840645,8_2014
57,9,2014,Gao,26.80427,9_2014
58,10,2014,Gao,22.47665161,10_2014
59,11,2014,Gao,18.47991,11_2014
60,12,2014,Gao,12.95633548,12_2014
61,1,2015,Gao,10.8787871,1_2015
62,2,2015,Gao,15.77303571,2_2015
63,3,2015,Gao,18.42442581,3_2015
64,4,2015,Gao,20.03493667,4_2015
65,5,2015,Gao,24.92489355,5_2015
66,6,2015,Gao,27.33943,6_2015
67,7,2015,Gao,28.63403226,7_2015
68,8,2015,Gao,27.6712,8_2015
69,9,2015,Gao,27.39195333,9_2015
70,10,2015,Gao,25.18208387,10_2015
71,11,2015,Gao,17.70159,11_2015
72,12,2015,Gao,11.5895871,12_2015
73,1,2016,Gao,13.83395806,1_2016
74,2,2016,Gao,14.37812069,2_2016
75,3,2016,Gao,18.31317742,3_2016
76,4,2016,Gao,24.40108,4_2016
77,5,2016,Gao,27.52956129,5_2016
78,6,2016,Gao,28.47338333,6_2016
79,7,2016,Gao,28.00392903,7_2016
80,8,2016,Gao,27.52589355,8_2016
81,9,2016,Gao,27.30072667,9_2016
82,10,2016,Gao,22.88632903,10_2016
83,11,2016,Gao,18.53114667,11_2016
84,12,2016,Gao,15.68490968,12_2016
85,1,2017,Gao,12.01649355,1_2017
86,2,2017,Gao,16.39638214,2_2017
87,3,2017,Gao,19.32387097,3_2017
88,4,2017,Gao,22.59630333,4_2017
89,5,2017,Gao,27.87432258,5_2017
90,6,2017,Gao,29.35563333,6_2017
91,7,2017,Gao,28.58641613,7_2017
92,8,2017,Gao,27.37912903,8_2017
93,9,2017,Gao,26.68767667,9_2017
94,10,2017,Gao,22.12654194,10_2017
95,11,2017,Gao,16.70305333,11_2017
96,12,2017,Gao,13.65721613,12_2017
97,1,2018,Gao,12.80541935,1_2018
98,2,2018,Gao,16.66523214,2_2018
99,3,2018,Gao,18.83870968,3_2018
100,4,2018,Gao,21.89527333,4_2018
101,5,2018,Gao,25.97540968,5_2018
102,6,2018,Gao,28.22324333,6_2018
103,7,2018,Gao,28.23853548,7_2018
104,8,2018,Gao,27.12890645,8_2018
105,9,2018,Gao,27.3705125,9_2018
106,1,2010,Kayes,15.20172581,1_2010
107,2,2010,Kayes,19.21466786,2_2010
108,3,2010,Kayes,20.06020645,3_2010
109,4,2010,Kayes,24.69049333,4_2010
110,5,2010,Kayes,27.42020645,5_2010
111,6,2010,Kayes,27.28195333,6_2010
112,7,2010,Kayes,25.48773871,7_2010
113,8,2010,Kayes,23.42634839,8_2010
114,9,2010,Kayes,23.17234333,9_2010
115,10,2010,Kayes,23.24332258,10_2010
116,11,2010,Kayes,19.38434333,11_2010
117,12,2010,Kayes,16.1682,12_2010
118,1,2011,Kayes,15.99597419,1_2011
119,2,2011,Kayes,15.12733571,2_2011
120,3,2011,Kayes,19.11981613,3_2011
121,4,2011,Kayes,22.37517667,4_2011
122,5,2011,Kayes,25.66292903,5_2011
123,6,2011,Kayes,26.49737333,6_2011
124,7,2011,Kayes,24.7794,7_2011
125,8,2011,Kayes,23.09772903,8_2011
126,9,2011,Kayes,23.33285,9_2011
127,10,2011,Kayes,21.85774516,10_2011
128,11,2011,Kayes,17.42753,11_2011
129,12,2011,Kayes,13.44069032,12_2011
130,1,2012,Kayes,13.6762,1_2012
131,2,2012,Kayes,16.15636897,2_2012
132,3,2012,Kayes,18.31519032,3_2012
133,4,2012,Kayes,22.69530667,4_2012
134,5,2012,Kayes,24.9454129,5_2012
135,6,2012,Kayes,26.34285333,6_2012
136,7,2012,Kayes,24.24930968,7_2012
137,8,2012,Kayes,22.83492581,8_2012
138,9,2012,Kayes,22.46930333,9_2012
139,10,2012,Kayes,22.76754516,10_2012
140,11,2012,Kayes,21.45431667,11_2012
141,12,2012,Kayes,15.89620323,12_2012
142,1,2013,Kayes,14.30644516,1_2013
143,2,2013,Kayes,16.85858571,2_2013
144,3,2013,Kayes,19.24797742,3_2013
145,4,2013,Kayes,20.41581,4_2013
146,5,2013,Kayes,24.25624839,5_2013
147,6,2013,Kayes,25.84932,6_2013
148,7,2013,Kayes,24.4342871,7_2013
149,8,2013,Kayes,22.63317097,8_2013
150,9,2013,Kayes,22.82123,9_2013
151,10,2013,Kayes,22.54580323,10_2013
152,11,2013,Kayes,18.41674,11_2013
153,12,2013,Kayes,15.63655484,12_2013
154,1,2014,Kayes,15.06347419,1_2014
155,2,2014,Kayes,14.33145714,2_2014
156,3,2014,Kayes,16.50864516,3_2014
157,4,2014,Kayes,20.68738667,4_2014
158,5,2014,Kayes,25.81306129,5_2014
159,6,2014,Kayes,26.81362333,6_2014
160,7,2014,Kayes,25.10878387,7_2014
161,8,2014,Kayes,22.88820645,8_2014
162,9,2014,Kayes,22.99444,9_2014
163,10,2014,Kayes,22.53275161,10_2014
164,11,2014,Kayes,19.07824,11_2014
165,12,2014,Kayes,15.14370968,12_2014
166,1,2015,Kayes,14.14555484,1_2015
167,2,2015,Kayes,15.93181429,2_2015
168,3,2015,Kayes,18.18791613,3_2015
169,4,2015,Kayes,20.78898333,4_2015
170,5,2015,Kayes,24.55202903,5_2015
171,6,2015,Kayes,25.60504333,6_2015
172,7,2015,Kayes,24.77449355,7_2015
173,8,2015,Kayes,23.15193871,8_2015
174,9,2015,Kayes,23.09082667,9_2015
175,10,2015,Kayes,23.59840645,10_2015
176,11,2015,Kayes,18.96973,11_2015
177,12,2015,Kayes,15.5209871,12_2015
178,1,2016,Kayes,18.21518065,1_2016
179,2,2016,Kayes,15.80665517,2_2016
180,3,2016,Kayes,17.96285484,3_2016
181,4,2016,Kayes,23.19382,4_2016
182,5,2016,Kayes,26.62456774,5_2016
183,6,2016,Kayes,26.30550333,6_2016
184,7,2016,Kayes,24.5757,7_2016
185,8,2016,Kayes,23.17546129,8_2016
186,9,2016,Kayes,23.05935667,9_2016
187,10,2016,Kayes,22.97337419,10_2016
188,11,2016,Kayes,19.60518333,11_2016
189,12,2016,Kayes,16.66454839,12_2016
190,1,2017,Kayes,13.65341935,1_2017
191,2,2017,Kayes,16.8726,2_2017
192,3,2017,Kayes,19.73803226,3_2017
193,4,2017,Kayes,20.83363333,4_2017
194,5,2017,Kayes,27.25195484,5_2017
195,6,2017,Kayes,26.96413,6_2017
196,7,2017,Kayes,24.80265484,7_2017
197,8,2017,Kayes,23.60571613,8_2017
198,9,2017,Kayes,23.58191,9_2017
199,10,2017,Kayes,21.19098065,10_2017
200,11,2017,Kayes,17.72786667,11_2017
201,12,2017,Kayes,14.10903548,12_2017
202,1,2018,Kayes,13.81303226,1_2018
203,2,2018,Kayes,17.06251429,2_2018
204,3,2018,Kayes,19.24364839,3_2018
205,4,2018,Kayes,21.14427667,4_2018
206,5,2018,Kayes,24.32319355,5_2018
207,6,2018,Kayes,25.96112,6_2018
208,7,2018,Kayes,24.545,7_2018
209,8,2018,Kayes,22.76713226,8_2018
210,9,2018,Kayes,22.6993625,9_2018
211,1,2010,Kidal,10.96962903,1_2010
212,2,2010,Kidal,15.71134643,2_2010
213,3,2010,Kidal,16.51921935,3_2010
214,4,2010,Kidal,22.72643333,4_2010
215,5,2010,Kidal,25.84305161,5_2010
216,6,2010,Kidal,27.81914667,6_2010
217,7,2010,Kidal,27.56109677,7_2010
218,8,2010,Kidal,28.49281613,8_2010
219,9,2010,Kidal,26.48185,9_2010
220,10,2010,Kidal,23.36498387,10_2010
221,11,2010,Kidal,16.71340667,11_2010
222,12,2010,Kidal,12.47637742,12_2010
223,1,2011,Kidal,12.32320968,1_2011
224,2,2011,Kidal,11.246625,2_2011
225,3,2011,Kidal,18.38778065,3_2011
226,4,2011,Kidal,20.64161667,4_2011
227,5,2011,Kidal,25.12062903,5_2011
228,6,2011,Kidal,27.76577333,6_2011
229,7,2011,Kidal,28.27808065,7_2011
230,8,2011,Kidal,27.48396774,8_2011
231,9,2011,Kidal,24.78255,9_2011
232,10,2011,Kidal,21.15015484,10_2011
233,11,2011,Kidal,15.32267,11_2011
234,12,2011,Kidal,9.521309677,12_2011
235,1,2012,Kidal,8.460558065,1_2012
236,2,2012,Kidal,12.13164483,2_2012
237,3,2012,Kidal,15.66124839,3_2012
238,4,2012,Kidal,21.75627667,4_2012
239,5,2012,Kidal,24.99850323,5_2012
240,6,2012,Kidal,27.47164333,6_2012
241,7,2012,Kidal,28.19844194,7_2012
242,8,2012,Kidal,27.49457097,8_2012
243,9,2012,Kidal,26.66583,9_2012
244,10,2012,Kidal,21.82228065,10_2012
245,11,2012,Kidal,17.18317,11_2012
246,12,2012,Kidal,12.04427419,12_2012
247,1,2013,Kidal,9.766132258,1_2013
248,2,2013,Kidal,11.23718214,2_2013
249,3,2013,Kidal,17.56534839,3_2013
250,4,2013,Kidal,19.11825333,4_2013
251,5,2013,Kidal,25.3168,5_2013
252,6,2013,Kidal,26.21153667,6_2013
253,7,2013,Kidal,26.98539032,7_2013
254,8,2013,Kidal,27.82032258,8_2013
255,9,2013,Kidal,25.94671,9_2013
256,10,2013,Kidal,21.33377742,10_2013
257,11,2013,Kidal,15.91013,11_2013
258,12,2013,Kidal,10.56459032,12_2013
259,1,2014,Kidal,11.57433226,1_2014
260,2,2014,Kidal,11.92081786,2_2014
261,3,2014,Kidal,14.91490645,3_2014
262,4,2014,Kidal,19.86757667,4_2014
263,5,2014,Kidal,25.55547097,5_2014
264,6,2014,Kidal,27.65199,6_2014
265,7,2014,Kidal,27.66922581,7_2014
266,8,2014,Kidal,27.49860645,8_2014
267,9,2014,Kidal,26.25333333,9_2014
268,10,2014,Kidal,20.84939355,10_2014
269,11,2014,Kidal,16.28343333,11_2014
270,12,2014,Kidal,10.83467742,12_2014
271,1,2015,Kidal,9.080180645,1_2015
272,2,2015,Kidal,13.20886071,2_2015
273,3,2015,Kidal,16.08799032,3_2015
274,4,2015,Kidal,19.89609,4_2015
275,5,2015,Kidal,23.98102258,5_2015
276,6,2015,Kidal,25.96766,6_2015
277,7,2015,Kidal,28.41486129,7_2015
278,8,2015,Kidal,28.4023871,8_2015
279,9,2015,Kidal,27.2902,9_2015
280,10,2015,Kidal,24.24669677,10_2015
281,11,2015,Kidal,15.89848667,11_2015
282,12,2015,Kidal,10.39503871,12_2015
283,1,2016,Kidal,12.57113871,1_2016
284,2,2016,Kidal,12.69087931,2_2016
285,3,2016,Kidal,14.89803226,3_2016
286,4,2016,Kidal,22.40301,4_2016
287,5,2016,Kidal,26.14429355,5_2016
288,6,2016,Kidal,27.87475333,6_2016
289,7,2016,Kidal,28.37409032,7_2016
290,8,2016,Kidal,28.01693226,8_2016
291,9,2016,Kidal,26.66364667,9_2016
292,10,2016,Kidal,21.86392258,10_2016
293,11,2016,Kidal,16.95893667,11_2016
294,12,2016,Kidal,13.21642581,12_2016
295,1,2017,Kidal,8.545383871,1_2017
296,2,2017,Kidal,14.72475,2_2017
297,3,2017,Kidal,17.25239677,3_2017
298,4,2017,Kidal,21.00865333,4_2017
299,5,2017,Kidal,27.56667097,5_2017
300,6,2017,Kidal,28.70488667,6_2017
301,7,2017,Kidal,28.88633226,7_2017
302,8,2017,Kidal,28.50303871,8_2017
303,9,2017,Kidal,26.49132333,9_2017
304,10,2017,Kidal,20.98836129,10_2017
305,11,2017,Kidal,15.34919333,11_2017
306,12,2017,Kidal,11.40169355,12_2017
307,1,2018,Kidal,11.25714516,1_2018
308,2,2018,Kidal,14.21810357,2_2018
309,3,2018,Kidal,16.74834516,3_2018
310,4,2018,Kidal,19.96821667,4_2018
311,5,2018,Kidal,24.58190968,5_2018
312,6,2018,Kidal,27.92697333,6_2018
313,7,2018,Kidal,26.96538387,7_2018
314,8,2018,Kidal,28.3438129,8_2018
315,9,2018,Kidal,27.9938875,9_2018
316,1,2010,Koulikoro,15.55735806,1_2010
317,2,2010,Koulikoro,19.52327143,2_2010
318,3,2010,Koulikoro,20.00396452,3_2010
319,4,2010,Koulikoro,25.06670667,4_2010
320,5,2010,Koulikoro,27.54607097,5_2010
321,6,2010,Koulikoro,27.42925333,6_2010
322,7,2010,Koulikoro,25.26799355,7_2010
323,8,2010,Koulikoro,23.32989032,8_2010
324,9,2010,Koulikoro,23.01404667,9_2010
325,10,2010,Koulikoro,23.11827419,10_2010
326,11,2010,Koulikoro,19.3646,11_2010
327,12,2010,Koulikoro,15.4913,12_2010
328,1,2011,Koulikoro,15.23323548,1_2011
329,2,2011,Koulikoro,15.68201429,2_2011
330,3,2011,Koulikoro,20.36063871,3_2011
331,4,2011,Koulikoro,22.75675333,4_2011
332,5,2011,Koulikoro,25.84598387,5_2011
333,6,2011,Koulikoro,26.32481667,6_2011
334,7,2011,Koulikoro,24.54020645,7_2011
335,8,2011,Koulikoro,23.08663548,8_2011
336,9,2011,Koulikoro,23.29007,9_2011
337,10,2011,Koulikoro,21.74447097,10_2011
338,11,2011,Koulikoro,16.59111667,11_2011
339,12,2011,Koulikoro,12.69029677,12_2011
340,1,2012,Koulikoro,13.38676129,1_2012
341,2,2012,Koulikoro,16.80101379,2_2012
342,3,2012,Koulikoro,18.82489032,3_2012
343,4,2012,Koulikoro,23.39473,4_2012
344,5,2012,Koulikoro,25.22789032,5_2012
345,6,2012,Koulikoro,25.77407333,6_2012
346,7,2012,Koulikoro,24.08163871,7_2012
347,8,2012,Koulikoro,22.6364129,8_2012
348,9,2012,Koulikoro,22.32582667,9_2012
349,10,2012,Koulikoro,22.54063548,10_2012
350,11,2012,Koulikoro,20.67714333,11_2012
351,12,2012,Koulikoro,15.23077097,12_2012
352,1,2013,Koulikoro,13.97140645,1_2013
353,2,2013,Koulikoro,16.97076786,2_2013
354,3,2013,Koulikoro,19.97220645,3_2013
355,4,2013,Koulikoro,21.61453667,4_2013
356,5,2013,Koulikoro,25.09414194,5_2013
357,6,2013,Koulikoro,25.75236,6_2013
358,7,2013,Koulikoro,24.18396452,7_2013
359,8,2013,Koulikoro,22.53597742,8_2013
360,9,2013,Koulikoro,22.91898,9_2013
361,10,2013,Koulikoro,22.2353871,10_2013
362,11,2013,Koulikoro,18.19779333,11_2013
363,12,2013,Koulikoro,14.9659129,12_2013
364,1,2014,Koulikoro,15.55020968,1_2014
365,2,2014,Koulikoro,15.13050357,2_2014
366,3,2014,Koulikoro,17.14919355,3_2014
367,4,2014,Koulikoro,21.35902667,4_2014
368,5,2014,Koulikoro,25.85502903,5_2014
369,6,2014,Koulikoro,26.47905,6_2014
370,7,2014,Koulikoro,24.89251935,7_2014
371,8,2014,Koulikoro,22.59928065,8_2014
372,9,2014,Koulikoro,22.78498667,9_2014
373,10,2014,Koulikoro,22.03769032,10_2014
374,11,2014,Koulikoro,18.85451333,11_2014
375,12,2014,Koulikoro,14.78476452,12_2014
376,1,2015,Koulikoro,13.54610968,1_2015
377,2,2015,Koulikoro,16.43968214,2_2015
378,3,2015,Koulikoro,18.54654839,3_2015
379,4,2015,Koulikoro,20.50000667,4_2015
380,5,2015,Koulikoro,24.85630968,5_2015
381,6,2015,Koulikoro,25.52714667,6_2015
382,7,2015,Koulikoro,24.83538387,7_2015
383,8,2015,Koulikoro,22.95092903,8_2015
384,9,2015,Koulikoro,23.06974333,9_2015
385,10,2015,Koulikoro,23.59395806,10_2015
386,11,2015,Koulikoro,18.52905333,11_2015
387,12,2015,Koulikoro,14.61734194,12_2015
388,1,2016,Koulikoro,17.65623871,1_2016
389,2,2016,Koulikoro,15.45605517,2_2016
390,3,2016,Koulikoro,18.6754871,3_2016
391,4,2016,Koulikoro,23.67579667,4_2016
392,5,2016,Koulikoro,26.84688065,5_2016
393,6,2016,Koulikoro,25.73802333,6_2016
394,7,2016,Koulikoro,24.30053226,7_2016
395,8,2016,Koulikoro,22.96061613,8_2016
396,9,2016,Koulikoro,23.08895333,9_2016
397,10,2016,Koulikoro,22.7695,10_2016
398,11,2016,Koulikoro,18.84913333,11_2016
399,12,2016,Koulikoro,16.39543871,12_2016
400,1,2017,Koulikoro,13.83628387,1_2017
401,2,2017,Koulikoro,17.78699286,2_2017
402,3,2017,Koulikoro,20.71056129,3_2017
403,4,2017,Koulikoro,21.85249,4_2017
404,5,2017,Koulikoro,27.02019355,5_2017
405,6,2017,Koulikoro,26.78840667,6_2017
406,7,2017,Koulikoro,24.4921871,7_2017
407,8,2017,Koulikoro,23.3661871,8_2017
408,9,2017,Koulikoro,23.47224333,9_2017
409,10,2017,Koulikoro,21.15192258,10_2017
410,11,2017,Koulikoro,17.24959,11_2017
411,12,2017,Koulikoro,14.28875806,12_2017
412,1,2018,Koulikoro,14.13814516,1_2018
413,2,2018,Koulikoro,17.70989286,2_2018
414,3,2018,Koulikoro,19.62783871,3_2018
415,4,2018,Koulikoro,21.57203667,4_2018
416,5,2018,Koulikoro,24.3882,5_2018
417,6,2018,Koulikoro,25.90724333,6_2018
418,7,2018,Koulikoro,24.33791935,7_2018
419,8,2018,Koulikoro,22.71332258,8_2018
420,9,2018,Koulikoro,22.6732125,9_2018
421,1,2010,Mopti,16.08025806,1_2010
422,2,2010,Mopti,20.18111071,2_2010
423,3,2010,Mopti,20.6230129,3_2010
424,4,2010,Mopti,25.70751,4_2010
425,5,2010,Mopti,28.39266774,5_2010
426,6,2010,Mopti,28.90229,6_2010
427,7,2010,Mopti,26.81317742,7_2010
428,8,2010,Mopti,25.40062903,8_2010
429,9,2010,Mopti,24.99558667,9_2010
430,10,2010,Mopti,24.6403,10_2010
431,11,2010,Mopti,20.90935,11_2010
432,12,2010,Mopti,16.30272581,12_2010
433,1,2011,Mopti,15.58172258,1_2011
434,2,2011,Mopti,16.74623571,2_2011
435,3,2011,Mopti,21.82328387,3_2011
436,4,2011,Mopti,22.58374333,4_2011
437,5,2011,Mopti,26.27248065,5_2011
438,6,2011,Mopti,28.35201,6_2011
439,7,2011,Mopti,26.79206774,7_2011
440,8,2011,Mopti,25.39199677,8_2011
441,9,2011,Mopti,25.54163667,9_2011
442,10,2011,Mopti,23.11418387,10_2011
443,11,2011,Mopti,18.51429667,11_2011
444,12,2011,Mopti,13.54932903,12_2011
445,1,2012,Mopti,13.79058387,1_2012
446,2,2012,Mopti,17.43297931,2_2012
447,3,2012,Mopti,19.13072258,3_2012
448,4,2012,Mopti,24.38340667,4_2012
449,5,2012,Mopti,25.91320645,5_2012
450,6,2012,Mopti,27.98441333,6_2012
451,7,2012,Mopti,26.50033226,7_2012
452,8,2012,Mopti,24.77431613,8_2012
453,9,2012,Mopti,24.84412333,9_2012
454,10,2012,Mopti,24.2263871,10_2012
455,11,2012,Mopti,21.02023667,11_2012
456,12,2012,Mopti,16.08882903,12_2012
457,1,2013,Mopti,14.42280968,1_2013
458,2,2013,Mopti,17.0805,2_2013
459,3,2013,Mopti,21.4759129,3_2013
460,4,2013,Mopti,22.74752333,4_2013
461,5,2013,Mopti,26.43586452,5_2013
462,6,2013,Mopti,27.34312667,6_2013
463,7,2013,Mopti,27.02898065,7_2013
464,8,2013,Mopti,24.83993871,8_2013
465,9,2013,Mopti,24.85505,9_2013
466,10,2013,Mopti,23.05175484,10_2013
467,11,2013,Mopti,19.28057,11_2013
468,12,2013,Mopti,15.39424516,12_2013
469,1,2014,Mopti,16.88996774,1_2014
470,2,2014,Mopti,16.52293214,2_2014
471,3,2014,Mopti,18.76716774,3_2014
472,4,2014,Mopti,22.13354,4_2014
473,5,2014,Mopti,27.24434194,5_2014
474,6,2014,Mopti,28.67025333,6_2014
475,7,2014,Mopti,27.44778387,7_2014
476,8,2014,Mopti,24.8875129,8_2014
477,9,2014,Mopti,25.35976,9_2014
478,10,2014,Mopti,23.36731935,10_2014
479,11,2014,Mopti,20.17532667,11_2014
480,12,2014,Mopti,15.34285806,12_2014
481,1,2015,Mopti,13.6548129,1_2015
482,2,2015,Mopti,17.57658214,2_2015
483,3,2015,Mopti,19.93397742,3_2015
484,4,2015,Mopti,20.83182333,4_2015
485,5,2015,Mopti,25.49242258,5_2015
486,6,2015,Mopti,27.68551333,6_2015
487,7,2015,Mopti,27.21767097,7_2015
488,8,2015,Mopti,25.02590645,8_2015
489,9,2015,Mopti,25.15953667,9_2015
490,10,2015,Mopti,25.70844194,10_2015
491,11,2015,Mopti,19.66242333,11_2015
492,12,2015,Mopti,15.14925161,12_2015
493,1,2016,Mopti,17.42119355,1_2016
494,2,2016,Mopti,16.50722759,2_2016
495,3,2016,Mopti,19.8656871,3_2016
496,4,2016,Mopti,25.24781333,4_2016
497,5,2016,Mopti,28.06521613,5_2016
498,6,2016,Mopti,27.96647333,6_2016
499,7,2016,Mopti,26.41406452,7_2016
500,8,2016,Mopti,25.00982581,8_2016
501,9,2016,Mopti,25.63253,9_2016
502,10,2016,Mopti,24.14133871,10_2016
503,11,2016,Mopti,20.32851,11_2016
504,12,2016,Mopti,17.71883226,12_2016
505,1,2017,Mopti,14.72166774,1_2017
506,2,2017,Mopti,19.10733929,2_2017
507,3,2017,Mopti,21.53395806,3_2017
508,4,2017,Mopti,23.68768,4_2017
509,5,2017,Mopti,28.15303548,5_2017
510,6,2017,Mopti,28.82054,6_2017
511,7,2017,Mopti,26.93248065,7_2017
512,8,2017,Mopti,25.34793226,8_2017
513,9,2017,Mopti,25.68000667,9_2017
514,10,2017,Mopti,22.73367097,10_2017
515,11,2017,Mopti,18.57907,11_2017
516,12,2017,Mopti,15.42735484,12_2017
517,1,2018,Mopti,15.13614839,1_2018
518,2,2018,Mopti,18.36174286,2_2018
519,3,2018,Mopti,20.64251935,3_2018
520,4,2018,Mopti,22.51766333,4_2018
521,5,2018,Mopti,25.76174516,5_2018
522,6,2018,Mopti,28.17653667,6_2018
523,7,2018,Mopti,27.05581935,7_2018
524,8,2018,Mopti,24.47552581,8_2018
525,9,2018,Mopti,25.0268,9_2018
526,1,2010,Segou,15.73537742,1_2010
527,2,2010,Segou,19.82019286,2_2010
528,3,2010,Segou,20.28624194,3_2010
529,4,2010,Segou,26.08486333,4_2010
530,5,2010,Segou,28.40099355,5_2010
531,6,2010,Segou,28.16323,6_2010
532,7,2010,Segou,25.80288387,7_2010
533,8,2010,Segou,24.11213226,8_2010
534,9,2010,Segou,23.75392,9_2010
535,10,2010,Segou,23.74835161,10_2010
536,11,2010,Segou,20.12928,11_2010
537,12,2010,Segou,16.00254839,12_2010
538,1,2011,Segou,15.84692258,1_2011
539,2,2011,Segou,16.85575357,2_2011
540,3,2011,Segou,21.63595161,3_2011
541,4,2011,Segou,23.01837333,4_2011
542,5,2011,Segou,26.67861935,5_2011
543,6,2011,Segou,27.59057333,6_2011
544,7,2011,Segou,25.3900871,7_2011
545,8,2011,Segou,24.01349677,8_2011
546,9,2011,Segou,24.2459,9_2011
547,10,2011,Segou,22.78612258,10_2011
548,11,2011,Segou,17.62819667,11_2011
549,12,2011,Segou,13.57414839,12_2011
550,1,2012,Segou,13.98539032,1_2012
551,2,2012,Segou,17.72779655,2_2012
552,3,2012,Segou,19.98075484,3_2012
553,4,2012,Segou,24.33799,4_2012
554,5,2012,Segou,25.9878871,5_2012
555,6,2012,Segou,26.71084667,6_2012
556,7,2012,Segou,25.15286129,7_2012
557,8,2012,Segou,23.49031935,8_2012
558,9,2012,Segou,23.46300667,9_2012
559,10,2012,Segou,23.6402871,10_2012
560,11,2012,Segou,20.85844333,11_2012
561,12,2012,Segou,15.97924839,12_2012
562,1,2013,Segou,14.62545806,1_2013
563,2,2013,Segou,17.51084286,2_2013
564,3,2013,Segou,20.54832903,3_2013
565,4,2013,Segou,23.05739667,4_2013
566,5,2013,Segou,26.44994516,5_2013
567,6,2013,Segou,26.98656667,6_2013
568,7,2013,Segou,25.4298871,7_2013
569,8,2013,Segou,23.30261935,8_2013
570,9,2013,Segou,23.72265,9_2013
571,10,2013,Segou,22.66509355,10_2013
572,11,2013,Segou,18.74560667,11_2013
573,12,2013,Segou,15.62381613,12_2013
574,1,2014,Segou,16.5817129,1_2014
575,2,2014,Segou,16.48039286,2_2014
576,3,2014,Segou,18.16692903,3_2014
577,4,2014,Segou,22.18086667,4_2014
578,5,2014,Segou,26.67551935,5_2014
579,6,2014,Segou,27.64557,6_2014
580,7,2014,Segou,26.00273226,7_2014
581,8,2014,Segou,23.62006129,8_2014
582,9,2014,Segou,23.62640667,9_2014
583,10,2014,Segou,22.55186452,10_2014
584,11,2014,Segou,19.19858,11_2014
585,12,2014,Segou,15.3031,12_2014
586,1,2015,Segou,14.05647742,1_2015
587,2,2015,Segou,17.45925714,2_2015
588,3,2015,Segou,19.42081613,3_2015
589,4,2015,Segou,21.13115333,4_2015
590,5,2015,Segou,25.80192581,5_2015
591,6,2015,Segou,27.04128667,6_2015
592,7,2015,Segou,25.94108387,7_2015
593,8,2015,Segou,23.75759032,8_2015
594,9,2015,Segou,23.92880333,9_2015
595,10,2015,Segou,24.71254516,10_2015
596,11,2015,Segou,19.40689333,11_2015
597,12,2015,Segou,15.2779871,12_2015
598,1,2016,Segou,17.85477742,1_2016
599,2,2016,Segou,16.25553793,2_2016
600,3,2016,Segou,19.76241613,3_2016
601,4,2016,Segou,24.67737,4_2016
602,5,2016,Segou,27.87334516,5_2016
603,6,2016,Segou,27.02198667,6_2016
604,7,2016,Segou,25.25723548,7_2016
605,8,2016,Segou,23.63874516,8_2016
606,9,2016,Segou,24.04548333,9_2016
607,10,2016,Segou,23.62913226,10_2016
608,11,2016,Segou,19.97334,11_2016
609,12,2016,Segou,17.55447097,12_2016
610,1,2017,Segou,14.78894194,1_2017
611,2,2017,Segou,19.14896429,2_2017
612,3,2017,Segou,21.7189871,3_2017
613,4,2017,Segou,23.32089,4_2017
614,5,2017,Segou,28.03803871,5_2017
615,6,2017,Segou,27.81378667,6_2017
616,7,2017,Segou,25.38207742,7_2017
617,8,2017,Segou,24.15550323,8_2017
618,9,2017,Segou,24.39133333,9_2017
619,10,2017,Segou,21.9974,10_2017
620,11,2017,Segou,17.89243333,11_2017
621,12,2017,Segou,15.30475161,12_2017
622,1,2018,Segou,15.12099355,1_2018
623,2,2018,Segou,18.27831429,2_2018
624,3,2018,Segou,20.10145161,3_2018
625,4,2018,Segou,22.68038333,4_2018
626,5,2018,Segou,25.11030645,5_2018
627,6,2018,Segou,27.37148,6_2018
628,7,2018,Segou,25.41394516,7_2018
629,8,2018,Segou,23.36652903,8_2018
630,9,2018,Segou,23.4782375,9_2018
631,1,2010,Sikasso,17.28367419,1_2010
632,2,2010,Sikasso,20.888,2_2010
633,3,2010,Sikasso,22.07559032,3_2010
634,4,2010,Sikasso,26.68893333,4_2010
635,5,2010,Sikasso,26.21904839,5_2010
636,6,2010,Sikasso,24.70026667,6_2010
637,7,2010,Sikasso,22.66828387,7_2010
638,8,2010,Sikasso,21.94329032,8_2010
639,9,2010,Sikasso,21.68335667,9_2010
640,10,2010,Sikasso,22.04767742,10_2010
641,11,2010,Sikasso,20.12793667,11_2010
642,12,2010,Sikasso,17.01471935,12_2010
643,1,2011,Sikasso,17.26680968,1_2011
644,2,2011,Sikasso,19.44377143,2_2011
645,3,2011,Sikasso,23.39397419,3_2011
646,4,2011,Sikasso,24.88335333,4_2011
647,5,2011,Sikasso,25.62919677,5_2011
648,6,2011,Sikasso,23.96470667,6_2011
649,7,2011,Sikasso,21.90240645,7_2011
650,8,2011,Sikasso,21.46158065,8_2011
651,9,2011,Sikasso,21.41111333,9_2011
652,10,2011,Sikasso,21.49392903,10_2011
653,11,2011,Sikasso,18.94929,11_2011
654,12,2011,Sikasso,15.27855484,12_2011
655,1,2012,Sikasso,16.25447742,1_2012
656,2,2012,Sikasso,19.40164483,2_2012
657,3,2012,Sikasso,21.45704194,3_2012
658,4,2012,Sikasso,25.34555,4_2012
659,5,2012,Sikasso,25.10802258,5_2012
660,6,2012,Sikasso,23.32291333,6_2012
661,7,2012,Sikasso,21.84593226,7_2012
662,8,2012,Sikasso,21.37075484,8_2012
663,9,2012,Sikasso,21.24216667,9_2012
664,10,2012,Sikasso,21.65933871,10_2012
665,11,2012,Sikasso,20.88962667,11_2012
666,12,2012,Sikasso,17.60067097,12_2012
667,1,2013,Sikasso,16.97856452,1_2013
668,2,2013,Sikasso,18.98347143,2_2013
669,3,2013,Sikasso,23.75012258,3_2013
670,4,2013,Sikasso,25.61245667,4_2013
671,5,2013,Sikasso,25.4075871,5_2013
672,6,2013,Sikasso,24.08633333,6_2013
673,7,2013,Sikasso,22.01664194,7_2013
674,8,2013,Sikasso,21.22760645,8_2013
675,9,2013,Sikasso,21.31740667,9_2013
676,10,2013,Sikasso,21.33465161,10_2013
677,11,2013,Sikasso,18.80983333,11_2013
678,12,2013,Sikasso,17.24197419,12_2013
679,1,2014,Sikasso,18.77,1_2014
680,2,2014,Sikasso,18.98387857,2_2014
681,3,2014,Sikasso,19.87595484,3_2014
682,4,2014,Sikasso,24.83854,4_2014
683,5,2014,Sikasso,24.72148065,5_2014
684,6,2014,Sikasso,23.86407333,6_2014
685,7,2014,Sikasso,22.37828387,7_2014
686,8,2014,Sikasso,21.45814194,8_2014
687,9,2014,Sikasso,21.37787667,9_2014
688,10,2014,Sikasso,21.47750323,10_2014
689,11,2014,Sikasso,20.19373667,11_2014
690,12,2014,Sikasso,17.1834,12_2014
691,1,2015,Sikasso,16.12331613,1_2015
692,2,2015,Sikasso,19.78165,2_2015
693,3,2015,Sikasso,20.55406452,3_2015
694,4,2015,Sikasso,23.75925333,4_2015
695,5,2015,Sikasso,25.67390645,5_2015
696,6,2015,Sikasso,24.04730667,6_2015
697,7,2015,Sikasso,22.59518065,7_2015
698,8,2015,Sikasso,21.69657419,8_2015
699,9,2015,Sikasso,21.68385667,9_2015
700,10,2015,Sikasso,22.08789032,10_2015
701,11,2015,Sikasso,19.20152667,11_2015
702,12,2015,Sikasso,16.21005161,12_2015
703,1,2016,Sikasso,18.18836774,1_2016
704,2,2016,Sikasso,17.93943793,2_2016
705,3,2016,Sikasso,21.71797742,3_2016
706,4,2016,Sikasso,25.94472667,4_2016
707,5,2016,Sikasso,26.0225871,5_2016
708,6,2016,Sikasso,23.58048667,6_2016
709,7,2016,Sikasso,22.30335806,7_2016
710,8,2016,Sikasso,21.64647097,8_2016
711,9,2016,Sikasso,21.50644,9_2016
712,10,2016,Sikasso,22.10211613,10_2016
713,11,2016,Sikasso,19.54728,11_2016
714,12,2016,Sikasso,18.5135871,12_2016
715,1,2017,Sikasso,17.39978387,1_2017
716,2,2017,Sikasso,19.9609,2_2017
717,3,2017,Sikasso,22.63369677,3_2017
718,4,2017,Sikasso,24.91703,4_2017
719,5,2017,Sikasso,25.96039355,5_2017
720,6,2017,Sikasso,24.03843,6_2017
721,7,2017,Sikasso,22.16261935,7_2017
722,8,2017,Sikasso,21.7236,8_2017
723,9,2017,Sikasso,21.79236333,9_2017
724,10,2017,Sikasso,20.99308065,10_2017
725,11,2017,Sikasso,19.15960667,11_2017
726,12,2017,Sikasso,17.68000323,12_2017
727,1,2018,Sikasso,16.95866452,1_2018
728,2,2018,Sikasso,20.73634286,2_2018
729,3,2018,Sikasso,22.32384516,3_2018
730,4,2018,Sikasso,24.88313667,4_2018
731,5,2018,Sikasso,25.43570968,5_2018
732,6,2018,Sikasso,23.87734,6_2018
733,7,2018,Sikasso,22.21684194,7_2018
734,8,2018,Sikasso,21.28629355,8_2018
735,9,2018,Sikasso,21.49585,9_2018
736,1,2010,Tombouctou,11.16684839,1_2010
737,2,2010,Tombouctou,16.39124643,2_2010
738,3,2010,Tombouctou,17.31901613,3_2010
739,4,2010,Tombouctou,22.92786333,4_2010
740,5,2010,Tombouctou,25.4771129,5_2010
741,6,2010,Tombouctou,27.05674333,6_2010
742,7,2010,Tombouctou,28.38131613,7_2010
743,8,2010,Tombouctou,29.27184194,8_2010
744,9,2010,Tombouctou,27.37438333,9_2010
745,10,2010,Tombouctou,23.67314516,10_2010
746,11,2010,Tombouctou,16.10459667,11_2010
747,12,2010,Tombouctou,13.72311935,12_2010
748,1,2011,Tombouctou,12.75296129,1_2011
749,2,2011,Tombouctou,10.7558,2_2011
750,3,2011,Tombouctou,18.11979677,3_2011
751,4,2011,Tombouctou,20.2121,4_2011
752,5,2011,Tombouctou,24.3209871,5_2011
753,6,2011,Tombouctou,26.84062,6_2011
754,7,2011,Tombouctou,27.91669355,7_2011
755,8,2011,Tombouctou,27.96066129,8_2011
756,9,2011,Tombouctou,25.87467333,9_2011
757,10,2011,Tombouctou,21.01660323,10_2011
758,11,2011,Tombouctou,15.13303667,11_2011
759,12,2011,Tombouctou,9.967441935,12_2011
760,1,2012,Tombouctou,8.730258065,1_2012
761,2,2012,Tombouctou,11.0985931,2_2012
762,3,2012,Tombouctou,16.4413,3_2012
763,4,2012,Tombouctou,20.38160333,4_2012
764,5,2012,Tombouctou,23.5306871,5_2012
765,6,2012,Tombouctou,27.27016667,6_2012
766,7,2012,Tombouctou,28.28400323,7_2012
767,8,2012,Tombouctou,27.63823871,8_2012
768,9,2012,Tombouctou,26.66488,9_2012
769,10,2012,Tombouctou,23.47622581,10_2012
770,11,2012,Tombouctou,17.67764667,11_2012
771,12,2012,Tombouctou,11.04090645,12_2012
772,1,2013,Tombouctou,9.689841935,1_2013
773,2,2013,Tombouctou,11.14313214,2_2013
774,3,2013,Tombouctou,17.12201935,3_2013
775,4,2013,Tombouctou,18.97667333,4_2013
776,5,2013,Tombouctou,23.5904129,5_2013
777,6,2013,Tombouctou,26.94926333,6_2013
778,7,2013,Tombouctou,28.43594839,7_2013
779,8,2013,Tombouctou,27.76590323,8_2013
780,9,2013,Tombouctou,26.14105333,9_2013
781,10,2013,Tombouctou,22.46225806,10_2013
782,11,2013,Tombouctou,16.10871333,11_2013
783,12,2013,Tombouctou,11.44305484,12_2013
784,1,2014,Tombouctou,11.3974129,1_2014
785,2,2014,Tombouctou,11.65604286,2_2014
786,3,2014,Tombouctou,14.53753548,3_2014
787,4,2014,Tombouctou,19.35849,4_2014
788,5,2014,Tombouctou,24.87876452,5_2014
789,6,2014,Tombouctou,27.19003667,6_2014
790,7,2014,Tombouctou,28.24816129,7_2014
791,8,2014,Tombouctou,28.01209355,8_2014
792,9,2014,Tombouctou,27.03754667,9_2014
793,10,2014,Tombouctou,21.63134516,10_2014
794,11,2014,Tombouctou,16.26336333,11_2014
795,12,2014,Tombouctou,10.9846871,12_2014
796,1,2015,Tombouctou,9.985254839,1_2015
797,2,2015,Tombouctou,13.10310714,2_2015
798,3,2015,Tombouctou,14.71718387,3_2015
799,4,2015,Tombouctou,20.01068667,4_2015
800,5,2015,Tombouctou,23.0473871,5_2015
801,6,2015,Tombouctou,26.00580667,6_2015
802,7,2015,Tombouctou,27.89819032,7_2015
803,8,2015,Tombouctou,28.92894516,8_2015
804,9,2015,Tombouctou,27.04661333,9_2015
805,10,2015,Tombouctou,24.70378065,10_2015
806,11,2015,Tombouctou,16.53890333,11_2015
807,12,2015,Tombouctou,11.62950323,12_2015
808,1,2016,Tombouctou,13.7183,1_2016
809,2,2016,Tombouctou,12.87394138,2_2016
810,3,2016,Tombouctou,14.45598065,3_2016
811,4,2016,Tombouctou,21.74483667,4_2016
812,5,2016,Tombouctou,25.43790645,5_2016
813,6,2016,Tombouctou,26.87535,6_2016
814,7,2016,Tombouctou,28.74997097,7_2016
815,8,2016,Tombouctou,28.57973226,8_2016
816,9,2016,Tombouctou,27.69064333,9_2016
817,10,2016,Tombouctou,23.05707097,10_2016
818,11,2016,Tombouctou,17.22235667,11_2016
819,12,2016,Tombouctou,12.9085,12_2016
820,1,2017,Tombouctou,8.467335484,1_2017
821,2,2017,Tombouctou,15.10669643,2_2017
822,3,2017,Tombouctou,17.91450323,3_2017
823,4,2017,Tombouctou,20.30062333,4_2017
824,5,2017,Tombouctou,27.22870645,5_2017
825,6,2017,Tombouctou,28.24650333,6_2017
826,7,2017,Tombouctou,29.30532581,7_2017
827,8,2017,Tombouctou,28.5147871,8_2017
828,9,2017,Tombouctou,27.2292,9_2017
829,10,2017,Tombouctou,21.25819355,10_2017
830,11,2017,Tombouctou,15.30547667,11_2017
831,12,2017,Tombouctou,9.802170968,12_2017
832,1,2018,Tombouctou,10.64623226,1_2018
833,2,2018,Tombouctou,13.18833929,2_2018
834,3,2018,Tombouctou,16.95243871,3_2018
835,4,2018,Tombouctou,19.38823,4_2018
836,5,2018,Tombouctou,22.66115484,5_2018
837,6,2018,Tombouctou,27.114,6_2018
838,7,2018,Tombouctou,28.41223548,7_2018
839,8,2018,Tombouctou,28.60679032,8_2018
840,9,2018,Tombouctou,28.80385,9_2018
