Month,Year,Adm1,Temp,MoY
1,2010,Arusha,19.6025129,1_2010
2,2010,Arusha,20.18067857,2_2010
3,2010,Arusha,20.19046452,3_2010
4,2010,Arusha,19.51330333,4_2010
5,2010,Arusha,18.31866774,5_2010
6,2010,Arusha,17.06696333,6_2010
7,2010,Arusha,16.03779677,7_2010
8,2010,Arusha,16.92461935,8_2010
9,2010,Arusha,18.31300333,9_2010
10,2010,Arusha,20.39967097,10_2010
11,2010,Arusha,20.35730333,11_2010
12,2010,Arusha,19.88719355,12_2010
1,2011,Arusha,19.41955484,1_2011
2,2011,Arusha,19.78343929,2_2011
3,2011,Arusha,20.0474871,3_2011
4,2011,Arusha,18.98307667,4_2011
5,2011,Arusha,17.78578065,5_2011
6,2011,Arusha,16.96850667,6_2011
7,2011,Arusha,16.23712903,7_2011
8,2011,Arusha,16.51479355,8_2011
9,2011,Arusha,18.22690667,9_2011
10,2011,Arusha,19.68342258,10_2011
11,2011,Arusha,20.4016,11_2011
12,2011,Arusha,19.77356129,12_2011
1,2012,Arusha,20.0384129,1_2012
2,2012,Arusha,19.94798276,2_2012
3,2012,Arusha,20.52134194,3_2012
4,2012,Arusha,18.93304,4_2012
5,2012,Arusha,17.96584516,5_2012
6,2012,Arusha,16.54088,6_2012
7,2012,Arusha,15.78866452,7_2012
8,2012,Arusha,16.79635161,8_2012
9,2012,Arusha,18.18858667,9_2012
10,2012,Arusha,19.92676129,10_2012
11,2012,Arusha,20.19965,11_2012
12,2012,Arusha,19.8545,12_2012
1,2013,Arusha,19.39142581,1_2013
2,2013,Arusha,19.72566786,2_2013
3,2013,Arusha,19.82469677,3_2013
4,2013,Arusha,18.52009333,4_2013
5,2013,Arusha,17.11607097,5_2013
6,2013,Arusha,15.88439667,6_2013
7,2013,Arusha,15.46647419,7_2013
8,2013,Arusha,16.42655161,8_2013
9,2013,Arusha,18.70986667,9_2013
10,2013,Arusha,19.44889677,10_2013
11,2013,Arusha,20.08711667,11_2013
12,2013,Arusha,19.05854194,12_2013
1,2014,Arusha,19.28601935,1_2014
2,2014,Arusha,19.33279643,2_2014
3,2014,Arusha,19.32151935,3_2014
4,2014,Arusha,18.62400667,4_2014
5,2014,Arusha,17.51874194,5_2014
6,2014,Arusha,16.69404,6_2014
7,2014,Arusha,15.88841613,7_2014
8,2014,Arusha,17.18906452,8_2014
9,2014,Arusha,17.66479,9_2014
10,2014,Arusha,19.95900645,10_2014
11,2014,Arusha,20.29036333,11_2014
12,2014,Arusha,19.52021613,12_2014
1,2015,Arusha,19.79922581,1_2015
2,2015,Arusha,19.93626786,2_2015
3,2015,Arusha,19.90772581,3_2015
4,2015,Arusha,18.91319667,4_2015
5,2015,Arusha,17.85134839,5_2015
6,2015,Arusha,17.12193,6_2015
7,2015,Arusha,16.14445484,7_2015
8,2015,Arusha,16.69587419,8_2015
9,2015,Arusha,18.55373,9_2015
10,2015,Arusha,20.0895871,10_2015
11,2015,Arusha,20.37561333,11_2015
12,2015,Arusha,19.68334516,12_2015
1,2016,Arusha,19.55284194,1_2016
2,2016,Arusha,19.72562759,2_2016
3,2016,Arusha,20.70947419,3_2016
4,2016,Arusha,18.98833667,4_2016
5,2016,Arusha,17.45251935,5_2016
6,2016,Arusha,16.23608,6_2016
7,2016,Arusha,15.84296129,7_2016
8,2016,Arusha,16.47545806,8_2016
9,2016,Arusha,17.66466,9_2016
10,2016,Arusha,19.75770323,10_2016
11,2016,Arusha,19.65737333,11_2016
12,2016,Arusha,19.58878065,12_2016
1,2017,Arusha,19.91144516,1_2017
2,2017,Arusha,19.39659286,2_2017
3,2017,Arusha,20.37364516,3_2017
4,2017,Arusha,18.91611333,4_2017
5,2017,Arusha,17.72393226,5_2017
6,2017,Arusha,16.69322,6_2017
7,2017,Arusha,16.11532903,7_2017
8,2017,Arusha,17.0916129,8_2017
9,2017,Arusha,18.49412,9_2017
10,2017,Arusha,20.38253548,10_2017
11,2017,Arusha,19.79150333,11_2017
12,2017,Arusha,20.17826129,12_2017
1,2018,Arusha,19.36352258,1_2018
2,2018,Arusha,19.55828929,2_2018
3,2018,Arusha,18.58474194,3_2018
4,2018,Arusha,18.07025,4_2018
5,2018,Arusha,17.13257742,5_2018
6,2018,Arusha,16.16098667,6_2018
7,2018,Arusha,15.66342581,7_2018
8,2018,Arusha,16.59199677,8_2018
9,2018,Arusha,17.4321,9_2018
1,2010,DarEsSalaam,27.93210323,1_2010
2,2010,DarEsSalaam,28.28913214,2_2010
3,2010,DarEsSalaam,27.84237097,3_2010
4,2010,DarEsSalaam,26.43359,4_2010
5,2010,DarEsSalaam,26.13271613,5_2010
6,2010,DarEsSalaam,25.34085667,6_2010
7,2010,DarEsSalaam,24.38196452,7_2010
8,2010,DarEsSalaam,24.84207419,8_2010
9,2010,DarEsSalaam,25.75924,9_2010
10,2010,DarEsSalaam,28.39676774,10_2010
11,2010,DarEsSalaam,27.49409333,11_2010
12,2010,DarEsSalaam,27.11034516,12_2010
1,2011,DarEsSalaam,27.58821935,1_2011
2,2011,DarEsSalaam,27.17315357,2_2011
3,2011,DarEsSalaam,27.43949677,3_2011
4,2011,DarEsSalaam,25.37700333,4_2011
5,2011,DarEsSalaam,24.44993871,5_2011
6,2011,DarEsSalaam,23.83828667,6_2011
7,2011,DarEsSalaam,23.91358065,7_2011
8,2011,DarEsSalaam,24.79330968,8_2011
9,2011,DarEsSalaam,25.79364333,9_2011
10,2011,DarEsSalaam,27.27460323,10_2011
11,2011,DarEsSalaam,28.47381,11_2011
12,2011,DarEsSalaam,27.49659355,12_2011
1,2012,DarEsSalaam,27.86695161,1_2012
2,2012,DarEsSalaam,27.82811724,2_2012
3,2012,DarEsSalaam,27.30853226,3_2012
4,2012,DarEsSalaam,25.58724667,4_2012
5,2012,DarEsSalaam,24.47174516,5_2012
6,2012,DarEsSalaam,23.86516,6_2012
7,2012,DarEsSalaam,23.79857097,7_2012
8,2012,DarEsSalaam,24.96448065,8_2012
9,2012,DarEsSalaam,26.57720333,9_2012
10,2012,DarEsSalaam,28.42147097,10_2012
11,2012,DarEsSalaam,28.38805,11_2012
12,2012,DarEsSalaam,27.42875806,12_2012
1,2013,DarEsSalaam,27.30422258,1_2013
2,2013,DarEsSalaam,28.09027857,2_2013
3,2013,DarEsSalaam,26.5160129,3_2013
4,2013,DarEsSalaam,25.35742667,4_2013
5,2013,DarEsSalaam,24.03276774,5_2013
6,2013,DarEsSalaam,23.044,6_2013
7,2013,DarEsSalaam,23.20225161,7_2013
8,2013,DarEsSalaam,24.33087742,8_2013
9,2013,DarEsSalaam,26.64516,9_2013
10,2013,DarEsSalaam,26.96681613,10_2013
11,2013,DarEsSalaam,28.11344667,11_2013
12,2013,DarEsSalaam,27.66263548,12_2013
1,2014,DarEsSalaam,27.90152903,1_2014
2,2014,DarEsSalaam,27.66651429,2_2014
3,2014,DarEsSalaam,26.41582903,3_2014
4,2014,DarEsSalaam,25.24998667,4_2014
5,2014,DarEsSalaam,23.98112581,5_2014
6,2014,DarEsSalaam,23.49730333,6_2014
7,2014,DarEsSalaam,23.46174194,7_2014
8,2014,DarEsSalaam,24.82746774,8_2014
9,2014,DarEsSalaam,25.62972333,9_2014
10,2014,DarEsSalaam,27.46217419,10_2014
11,2014,DarEsSalaam,28.27297,11_2014
12,2014,DarEsSalaam,27.43617742,12_2014
1,2015,DarEsSalaam,26.7163871,1_2015
2,2015,DarEsSalaam,28.357225,2_2015
3,2015,DarEsSalaam,27.25553871,3_2015
4,2015,DarEsSalaam,25.62334667,4_2015
5,2015,DarEsSalaam,24.7559,5_2015
6,2015,DarEsSalaam,24.16165333,6_2015
7,2015,DarEsSalaam,24.28519355,7_2015
8,2015,DarEsSalaam,25.3168129,8_2015
9,2015,DarEsSalaam,27.00974667,9_2015
10,2015,DarEsSalaam,28.60702903,10_2015
11,2015,DarEsSalaam,27.53303667,11_2015
12,2015,DarEsSalaam,28.12396774,12_2015
1,2016,DarEsSalaam,27.65654839,1_2016
2,2016,DarEsSalaam,27.65522069,2_2016
3,2016,DarEsSalaam,28.48672903,3_2016
4,2016,DarEsSalaam,26.18812667,4_2016
5,2016,DarEsSalaam,24.39538065,5_2016
6,2016,DarEsSalaam,23.88339667,6_2016
7,2016,DarEsSalaam,23.53878065,7_2016
8,2016,DarEsSalaam,25.01374516,8_2016
9,2016,DarEsSalaam,25.99672667,9_2016
10,2016,DarEsSalaam,28.18304516,10_2016
11,2016,DarEsSalaam,28.45663,11_2016
12,2016,DarEsSalaam,27.98690323,12_2016
1,2017,DarEsSalaam,27.89905484,1_2017
2,2017,DarEsSalaam,27.90513571,2_2017
3,2017,DarEsSalaam,27.17586452,3_2017
4,2017,DarEsSalaam,25.29909,4_2017
5,2017,DarEsSalaam,24.01002903,5_2017
6,2017,DarEsSalaam,23.55917667,6_2017
7,2017,DarEsSalaam,23.62661613,7_2017
8,2017,DarEsSalaam,24.54046129,8_2017
9,2017,DarEsSalaam,26.37783333,9_2017
10,2017,DarEsSalaam,27.86756774,10_2017
11,2017,DarEsSalaam,27.40791,11_2017
12,2017,DarEsSalaam,27.47997097,12_2017
1,2018,DarEsSalaam,26.63922258,1_2018
2,2018,DarEsSalaam,28.42891786,2_2018
3,2018,DarEsSalaam,26.40552258,3_2018
4,2018,DarEsSalaam,24.92925667,4_2018
5,2018,DarEsSalaam,24.49612258,5_2018
6,2018,DarEsSalaam,23.09622667,6_2018
7,2018,DarEsSalaam,23.31796129,7_2018
8,2018,DarEsSalaam,25.06980323,8_2018
9,2018,DarEsSalaam,25.6293875,9_2018
1,2010,Dodoma,20.49350968,1_2010
2,2010,Dodoma,20.67950714,2_2010
3,2010,Dodoma,21.13421613,3_2010
4,2010,Dodoma,20.73987333,4_2010
5,2010,Dodoma,20.44175484,5_2010
6,2010,Dodoma,18.64482667,6_2010
7,2010,Dodoma,17.32041613,7_2010
8,2010,Dodoma,18.02193548,8_2010
9,2010,Dodoma,19.38788333,9_2010
10,2010,Dodoma,21.65488387,10_2010
11,2010,Dodoma,22.15435,11_2010
12,2010,Dodoma,21.52856129,12_2010
1,2011,Dodoma,20.4169129,1_2011
2,2011,Dodoma,20.1327,2_2011
3,2011,Dodoma,19.96660645,3_2011
4,2011,Dodoma,19.22106667,4_2011
5,2011,Dodoma,18.73844194,5_2011
6,2011,Dodoma,18.07339,6_2011
7,2011,Dodoma,17.18347097,7_2011
8,2011,Dodoma,18.14948387,8_2011
9,2011,Dodoma,19.89601,9_2011
10,2011,Dodoma,22.08329032,10_2011
11,2011,Dodoma,23.23248,11_2011
12,2011,Dodoma,21.54700645,12_2011
1,2012,Dodoma,20.99382903,1_2012
2,2012,Dodoma,20.73169655,2_2012
3,2012,Dodoma,20.15541935,3_2012
4,2012,Dodoma,19.12116333,4_2012
5,2012,Dodoma,18.69435161,5_2012
6,2012,Dodoma,17.80219333,6_2012
7,2012,Dodoma,17.06577097,7_2012
8,2012,Dodoma,18.29050323,8_2012
9,2012,Dodoma,19.82379,9_2012
10,2012,Dodoma,22.11647419,10_2012
11,2012,Dodoma,22.96358333,11_2012
12,2012,Dodoma,22.15766129,12_2012
1,2013,Dodoma,20.52887419,1_2013
2,2013,Dodoma,20.04081786,2_2013
3,2013,Dodoma,19.72633871,3_2013
4,2013,Dodoma,19.51089,4_2013
5,2013,Dodoma,18.13685806,5_2013
6,2013,Dodoma,16.65772667,6_2013
7,2013,Dodoma,16.45227742,7_2013
8,2013,Dodoma,17.48207419,8_2013
9,2013,Dodoma,19.75932333,9_2013
10,2013,Dodoma,21.35217097,10_2013
11,2013,Dodoma,22.76241,11_2013
12,2013,Dodoma,21.89575484,12_2013
1,2014,Dodoma,20.82503548,1_2014
2,2014,Dodoma,20.26365,2_2014
3,2014,Dodoma,19.61636452,3_2014
4,2014,Dodoma,18.86893667,4_2014
5,2014,Dodoma,18.25474194,5_2014
6,2014,Dodoma,17.45395,6_2014
7,2014,Dodoma,16.78020323,7_2014
8,2014,Dodoma,18.35536452,8_2014
9,2014,Dodoma,19.49632,9_2014
10,2014,Dodoma,21.92253871,10_2014
11,2014,Dodoma,22.75662,11_2014
12,2014,Dodoma,21.70098065,12_2014
1,2015,Dodoma,20.18280323,1_2015
2,2015,Dodoma,20.48136786,2_2015
3,2015,Dodoma,19.88625161,3_2015
4,2015,Dodoma,19.48852667,4_2015
5,2015,Dodoma,18.83981613,5_2015
6,2015,Dodoma,18.18369,6_2015
7,2015,Dodoma,17.18946452,7_2015
8,2015,Dodoma,18.12774516,8_2015
9,2015,Dodoma,20.05977,9_2015
10,2015,Dodoma,22.49989677,10_2015
11,2015,Dodoma,23.03684,11_2015
12,2015,Dodoma,22.26652581,12_2015
1,2016,Dodoma,20.53417742,1_2016
2,2016,Dodoma,19.9346931,2_2016
3,2016,Dodoma,20.81275806,3_2016
4,2016,Dodoma,19.77513333,4_2016
5,2016,Dodoma,17.87020968,5_2016
6,2016,Dodoma,17.20610333,6_2016
7,2016,Dodoma,16.8720129,7_2016
8,2016,Dodoma,18.01792903,8_2016
9,2016,Dodoma,19.20988,9_2016
10,2016,Dodoma,21.38109355,10_2016
11,2016,Dodoma,22.65395333,11_2016
12,2016,Dodoma,21.92498387,12_2016
1,2017,Dodoma,21.3669871,1_2017
2,2017,Dodoma,20.39370714,2_2017
3,2017,Dodoma,20.09663226,3_2017
4,2017,Dodoma,19.48197,4_2017
5,2017,Dodoma,18.63527097,5_2017
6,2017,Dodoma,17.62557667,6_2017
7,2017,Dodoma,17.16060968,7_2017
8,2017,Dodoma,18.59014194,8_2017
9,2017,Dodoma,20.20223,9_2017
10,2017,Dodoma,22.42894839,10_2017
11,2017,Dodoma,22.59006,11_2017
12,2017,Dodoma,22.56281613,12_2017
1,2018,Dodoma,19.94549677,1_2018
2,2018,Dodoma,19.90198214,2_2018
3,2018,Dodoma,19.66210645,3_2018
4,2018,Dodoma,18.92373,4_2018
5,2018,Dodoma,18.82024194,5_2018
6,2018,Dodoma,17.50972333,6_2018
7,2018,Dodoma,17.05280323,7_2018
8,2018,Dodoma,18.20039032,8_2018
9,2018,Dodoma,19.1791375,9_2018
1,2010,Iringa,20.2856,1_2010
2,2010,Iringa,20.064175,2_2010
3,2010,Iringa,20.16938387,3_2010
4,2010,Iringa,19.74508667,4_2010
5,2010,Iringa,18.91338387,5_2010
6,2010,Iringa,16.86247667,6_2010
7,2010,Iringa,15.95650968,7_2010
8,2010,Iringa,16.83394839,8_2010
9,2010,Iringa,18.89994,9_2010
10,2010,Iringa,21.50796774,10_2010
11,2010,Iringa,21.99601333,11_2010
12,2010,Iringa,21.0187,12_2010
1,2011,Iringa,19.91331935,1_2011
2,2011,Iringa,19.30243929,2_2011
3,2011,Iringa,19.16161613,3_2011
4,2011,Iringa,18.50626333,4_2011
5,2011,Iringa,17.60093226,5_2011
6,2011,Iringa,16.77822,6_2011
7,2011,Iringa,15.77765484,7_2011
8,2011,Iringa,16.94796452,8_2011
9,2011,Iringa,18.68458333,9_2011
10,2011,Iringa,20.71840323,10_2011
11,2011,Iringa,22.09353,11_2011
12,2011,Iringa,20.48176774,12_2011
1,2012,Iringa,19.96715806,1_2012
2,2012,Iringa,19.77674138,2_2012
3,2012,Iringa,19.13029032,3_2012
4,2012,Iringa,18.11431667,4_2012
5,2012,Iringa,17.33910968,5_2012
6,2012,Iringa,16.02253,6_2012
7,2012,Iringa,15.61813871,7_2012
8,2012,Iringa,17.26856129,8_2012
9,2012,Iringa,19.13432,9_2012
10,2012,Iringa,21.34472258,10_2012
11,2012,Iringa,21.28622333,11_2012
12,2012,Iringa,21.17936774,12_2012
1,2013,Iringa,19.82714516,1_2013
2,2013,Iringa,19.66926071,2_2013
3,2013,Iringa,18.95046774,3_2013
4,2013,Iringa,18.55914667,4_2013
5,2013,Iringa,17.1958129,5_2013
6,2013,Iringa,15.48568333,6_2013
7,2013,Iringa,15.49400645,7_2013
8,2013,Iringa,16.64951613,8_2013
9,2013,Iringa,19.30029,9_2013
10,2013,Iringa,20.52342903,10_2013
11,2013,Iringa,21.85402333,11_2013
12,2013,Iringa,20.98121613,12_2013
1,2014,Iringa,19.82283548,1_2014
2,2014,Iringa,19.4461,2_2014
3,2014,Iringa,18.92491613,3_2014
4,2014,Iringa,18.20355667,4_2014
5,2014,Iringa,17.11322581,5_2014
6,2014,Iringa,16.30224333,6_2014
7,2014,Iringa,15.67618387,7_2014
8,2014,Iringa,17.50464516,8_2014
9,2014,Iringa,18.32324333,9_2014
10,2014,Iringa,20.93421935,10_2014
11,2014,Iringa,21.70999667,11_2014
12,2014,Iringa,21.06016774,12_2014
1,2015,Iringa,19.30768387,1_2015
2,2015,Iringa,19.92034286,2_2015
3,2015,Iringa,18.99286774,3_2015
4,2015,Iringa,18.86662333,4_2015
5,2015,Iringa,17.8593,5_2015
6,2015,Iringa,16.61505333,6_2015
7,2015,Iringa,16.23103871,7_2015
8,2015,Iringa,17.19232581,8_2015
9,2015,Iringa,19.32702,9_2015
10,2015,Iringa,21.28477097,10_2015
11,2015,Iringa,21.61788,11_2015
12,2015,Iringa,21.06852903,12_2015
1,2016,Iringa,19.69026129,1_2016
2,2016,Iringa,19.62128621,2_2016
3,2016,Iringa,20.40787097,3_2016
4,2016,Iringa,18.9078,4_2016
5,2016,Iringa,16.70206774,5_2016
6,2016,Iringa,15.77775333,6_2016
7,2016,Iringa,15.43703548,7_2016
8,2016,Iringa,16.83838387,8_2016
9,2016,Iringa,18.5179,9_2016
10,2016,Iringa,21.12796452,10_2016
11,2016,Iringa,21.98047667,11_2016
12,2016,Iringa,20.84137419,12_2016
1,2017,Iringa,20.21469032,1_2017
2,2017,Iringa,19.59426786,2_2017
3,2017,Iringa,19.2511129,3_2017
4,2017,Iringa,18.39334333,4_2017
5,2017,Iringa,17.53652903,5_2017
6,2017,Iringa,16.50174667,6_2017
7,2017,Iringa,16.01225161,7_2017
8,2017,Iringa,16.93630968,8_2017
9,2017,Iringa,19.41595333,9_2017
10,2017,Iringa,21.73895161,10_2017
11,2017,Iringa,21.36075333,11_2017
12,2017,Iringa,20.98736452,12_2017
1,2018,Iringa,19.0047,1_2018
2,2018,Iringa,19.26939286,2_2018
3,2018,Iringa,18.98199032,3_2018
4,2018,Iringa,18.38754667,4_2018
5,2018,Iringa,17.67013871,5_2018
6,2018,Iringa,16.20178,6_2018
7,2018,Iringa,15.3617,7_2018
8,2018,Iringa,17.18421935,8_2018
9,2018,Iringa,17.7914375,9_2018
1,2010,Kagera,19.55884194,1_2010
2,2010,Kagera,20.20208929,2_2010
3,2010,Kagera,19.9407871,3_2010
4,2010,Kagera,20.48537667,4_2010
5,2010,Kagera,19.99253548,5_2010
6,2010,Kagera,19.83712333,6_2010
7,2010,Kagera,20.01274194,7_2010
8,2010,Kagera,20.61796774,8_2010
9,2010,Kagera,20.73307667,9_2010
10,2010,Kagera,21.21967419,10_2010
11,2010,Kagera,21.03745,11_2010
12,2010,Kagera,19.36953548,12_2010
1,2011,Kagera,19.55022903,1_2011
2,2011,Kagera,19.91190357,2_2011
3,2011,Kagera,19.64107097,3_2011
4,2011,Kagera,19.50196667,4_2011
5,2011,Kagera,19.40807419,5_2011
6,2011,Kagera,19.12294667,6_2011
7,2011,Kagera,19.1617129,7_2011
8,2011,Kagera,19.70134194,8_2011
9,2011,Kagera,20.0987,9_2011
10,2011,Kagera,19.86812903,10_2011
11,2011,Kagera,19.72114,11_2011
12,2011,Kagera,19.32350645,12_2011
1,2012,Kagera,19.78890645,1_2012
2,2012,Kagera,19.67048621,2_2012
3,2012,Kagera,20.16313226,3_2012
4,2012,Kagera,19.49156667,4_2012
5,2012,Kagera,19.02843871,5_2012
6,2012,Kagera,18.67279333,6_2012
7,2012,Kagera,19.52001935,7_2012
8,2012,Kagera,20.08298065,8_2012
9,2012,Kagera,20.63556667,9_2012
10,2012,Kagera,20.93724194,10_2012
11,2012,Kagera,19.72216333,11_2012
12,2012,Kagera,19.31406774,12_2012
1,2013,Kagera,19.89505806,1_2013
2,2013,Kagera,20.02505357,2_2013
3,2013,Kagera,20.2372129,3_2013
4,2013,Kagera,19.58473,4_2013
5,2013,Kagera,19.23252903,5_2013
6,2013,Kagera,19.03392,6_2013
7,2013,Kagera,19.21817097,7_2013
8,2013,Kagera,19.47216129,8_2013
9,2013,Kagera,20.36703333,9_2013
10,2013,Kagera,20.71202581,10_2013
11,2013,Kagera,19.85176333,11_2013
12,2013,Kagera,19.36764516,12_2013
1,2014,Kagera,19.51974516,1_2014
2,2014,Kagera,19.942825,2_2014
3,2014,Kagera,20.04346774,3_2014
4,2014,Kagera,19.46054,4_2014
5,2014,Kagera,19.42715806,5_2014
6,2014,Kagera,19.36369,6_2014
7,2014,Kagera,19.64450645,7_2014
8,2014,Kagera,19.96417097,8_2014
9,2014,Kagera,20.15929667,9_2014
10,2014,Kagera,20.46040323,10_2014
11,2014,Kagera,19.82880333,11_2014
12,2014,Kagera,19.51742581,12_2014
1,2015,Kagera,19.50125484,1_2015
2,2015,Kagera,20.11633929,2_2015
3,2015,Kagera,20.21340968,3_2015
4,2015,Kagera,19.61508,4_2015
5,2015,Kagera,19.62095484,5_2015
6,2015,Kagera,19.59889,6_2015
7,2015,Kagera,19.62309032,7_2015
8,2015,Kagera,20.23346774,8_2015
9,2015,Kagera,20.88186667,9_2015
10,2015,Kagera,21.11415806,10_2015
11,2015,Kagera,19.9337,11_2015
12,2015,Kagera,19.36275806,12_2015
1,2016,Kagera,19.7546871,1_2016
2,2016,Kagera,20.25121379,2_2016
3,2016,Kagera,21.19696452,3_2016
4,2016,Kagera,20.14836333,4_2016
5,2016,Kagera,19.65182903,5_2016
6,2016,Kagera,19.25463333,6_2016
7,2016,Kagera,19.72534839,7_2016
8,2016,Kagera,20.23299677,8_2016
9,2016,Kagera,20.86701667,9_2016
10,2016,Kagera,21.02366774,10_2016
11,2016,Kagera,20.13553,11_2016
12,2016,Kagera,20.08393548,12_2016
1,2017,Kagera,20.43246452,1_2017
2,2017,Kagera,19.74873571,2_2017
3,2017,Kagera,20.14515484,3_2017
4,2017,Kagera,19.89159667,4_2017
5,2017,Kagera,19.33009355,5_2017
6,2017,Kagera,20.07974333,6_2017
7,2017,Kagera,20.28042581,7_2017
8,2017,Kagera,20.55519355,8_2017
9,2017,Kagera,20.54556667,9_2017
10,2017,Kagera,21.01270645,10_2017
11,2017,Kagera,20.11732667,11_2017
12,2017,Kagera,19.91236452,12_2017
1,2018,Kagera,18.99575484,1_2018
2,2018,Kagera,20.020825,2_2018
3,2018,Kagera,19.35941935,3_2018
4,2018,Kagera,18.78830333,4_2018
5,2018,Kagera,19.28057097,5_2018
6,2018,Kagera,19.11487667,6_2018
7,2018,Kagera,19.02620968,7_2018
8,2018,Kagera,19.87290323,8_2018
9,2018,Kagera,19.6836875,9_2018
1,2010,Kigoma,20.59882258,1_2010
2,2010,Kigoma,20.90084286,2_2010
3,2010,Kigoma,20.86951935,3_2010
4,2010,Kigoma,21.41779667,4_2010
5,2010,Kigoma,21.04794839,5_2010
6,2010,Kigoma,19.89744667,6_2010
7,2010,Kigoma,19.58680645,7_2010
8,2010,Kigoma,20.19416452,8_2010
9,2010,Kigoma,22.23179333,9_2010
10,2010,Kigoma,23.06287742,10_2010
11,2010,Kigoma,22.33799333,11_2010
12,2010,Kigoma,20.6895129,12_2010
1,2011,Kigoma,19.91103871,1_2011
2,2011,Kigoma,20.31239643,2_2011
3,2011,Kigoma,20.26433548,3_2011
4,2011,Kigoma,19.95868333,4_2011
5,2011,Kigoma,19.60397419,5_2011
6,2011,Kigoma,19.23038,6_2011
7,2011,Kigoma,18.64570968,7_2011
8,2011,Kigoma,20.04552903,8_2011
9,2011,Kigoma,21.46225333,9_2011
10,2011,Kigoma,21.17611613,10_2011
11,2011,Kigoma,20.82268,11_2011
12,2011,Kigoma,20.11170645,12_2011
1,2012,Kigoma,20.22258065,1_2012
2,2012,Kigoma,19.86276897,2_2012
3,2012,Kigoma,20.50845484,3_2012
4,2012,Kigoma,19.66682333,4_2012
5,2012,Kigoma,19.43530968,5_2012
6,2012,Kigoma,18.56247,6_2012
7,2012,Kigoma,18.65656129,7_2012
8,2012,Kigoma,20.34227419,8_2012
9,2012,Kigoma,22.08486333,9_2012
10,2012,Kigoma,22.65595484,10_2012
11,2012,Kigoma,21.16276667,11_2012
12,2012,Kigoma,20.02443226,12_2012
1,2013,Kigoma,20.34187097,1_2013
2,2013,Kigoma,20.47574286,2_2013
3,2013,Kigoma,20.25314839,3_2013
4,2013,Kigoma,19.84716667,4_2013
5,2013,Kigoma,19.31228387,5_2013
6,2013,Kigoma,18.16841667,6_2013
7,2013,Kigoma,18.42576774,7_2013
8,2013,Kigoma,19.90084516,8_2013
9,2013,Kigoma,21.75099333,9_2013
10,2013,Kigoma,21.91460968,10_2013
11,2013,Kigoma,21.20085333,11_2013
12,2013,Kigoma,19.90681613,12_2013
1,2014,Kigoma,19.97917419,1_2014
2,2014,Kigoma,19.98741071,2_2014
3,2014,Kigoma,20.11292903,3_2014
4,2014,Kigoma,19.78075333,4_2014
5,2014,Kigoma,19.57111613,5_2014
6,2014,Kigoma,19.10770333,6_2014
7,2014,Kigoma,18.98165161,7_2014
8,2014,Kigoma,20.41773871,8_2014
9,2014,Kigoma,21.13481,9_2014
10,2014,Kigoma,21.62514194,10_2014
11,2014,Kigoma,21.231,11_2014
12,2014,Kigoma,20.33691935,12_2014
1,2015,Kigoma,19.80798387,1_2015
2,2015,Kigoma,20.54728929,2_2015
3,2015,Kigoma,20.30172258,3_2015
4,2015,Kigoma,19.85291333,4_2015
5,2015,Kigoma,19.83874194,5_2015
6,2015,Kigoma,19.52959333,6_2015
7,2015,Kigoma,19.14497419,7_2015
8,2015,Kigoma,20.39488387,8_2015
9,2015,Kigoma,22.30402,9_2015
10,2015,Kigoma,22.43717742,10_2015
11,2015,Kigoma,20.96808333,11_2015
12,2015,Kigoma,20.57899677,12_2015
1,2016,Kigoma,20.49027097,1_2016
2,2016,Kigoma,20.75638966,2_2016
3,2016,Kigoma,21.73096129,3_2016
4,2016,Kigoma,20.32535333,4_2016
5,2016,Kigoma,19.49482258,5_2016
6,2016,Kigoma,18.77244667,6_2016
7,2016,Kigoma,18.73714516,7_2016
8,2016,Kigoma,20.10379677,8_2016
9,2016,Kigoma,21.77324,9_2016
10,2016,Kigoma,22.46385161,10_2016
11,2016,Kigoma,21.34003667,11_2016
12,2016,Kigoma,20.40546452,12_2016
1,2017,Kigoma,20.37392581,1_2017
2,2017,Kigoma,20.27219286,2_2017
3,2017,Kigoma,20.33083871,3_2017
4,2017,Kigoma,19.88261333,4_2017
5,2017,Kigoma,19.60187419,5_2017
6,2017,Kigoma,19.44239667,6_2017
7,2017,Kigoma,19.376,7_2017
8,2017,Kigoma,20.65307742,8_2017
9,2017,Kigoma,22.02734667,9_2017
10,2017,Kigoma,22.48127097,10_2017
11,2017,Kigoma,20.75778667,11_2017
12,2017,Kigoma,20.3017871,12_2017
1,2018,Kigoma,19.23013226,1_2018
2,2018,Kigoma,20.42058929,2_2018
3,2018,Kigoma,19.99672903,3_2018
4,2018,Kigoma,19.38698,4_2018
5,2018,Kigoma,19.40343226,5_2018
6,2018,Kigoma,18.76472667,6_2018
7,2018,Kigoma,18.12419677,7_2018
8,2018,Kigoma,20.20569355,8_2018
9,2018,Kigoma,21.2878375,9_2018
1,2010,Kilimanjaro,21.63478387,1_2010
2,2010,Kilimanjaro,22.45160714,2_2010
3,2010,Kilimanjaro,22.25862258,3_2010
4,2010,Kilimanjaro,20.94525333,4_2010
5,2010,Kilimanjaro,19.45862581,5_2010
6,2010,Kilimanjaro,18.29486,6_2010
7,2010,Kilimanjaro,16.82827419,7_2010
8,2010,Kilimanjaro,17.67213548,8_2010
9,2010,Kilimanjaro,19.09416,9_2010
10,2010,Kilimanjaro,21.62791613,10_2010
11,2010,Kilimanjaro,21.60979667,11_2010
12,2010,Kilimanjaro,21.39903226,12_2010
1,2011,Kilimanjaro,21.73351613,1_2011
2,2011,Kilimanjaro,22.11327857,2_2011
3,2011,Kilimanjaro,22.08969032,3_2011
4,2011,Kilimanjaro,20.13168333,4_2011
5,2011,Kilimanjaro,18.52785161,5_2011
6,2011,Kilimanjaro,17.79455,6_2011
7,2011,Kilimanjaro,17.06948065,7_2011
8,2011,Kilimanjaro,17.36879677,8_2011
9,2011,Kilimanjaro,19.18441333,9_2011
10,2011,Kilimanjaro,20.26499355,10_2011
11,2011,Kilimanjaro,21.69052333,11_2011
12,2011,Kilimanjaro,21.61333226,12_2011
1,2012,Kilimanjaro,22.71748065,1_2012
2,2012,Kilimanjaro,22.55629655,2_2012
3,2012,Kilimanjaro,22.98635161,3_2012
4,2012,Kilimanjaro,20.44896333,4_2012
5,2012,Kilimanjaro,18.86119355,5_2012
6,2012,Kilimanjaro,17.58352333,6_2012
7,2012,Kilimanjaro,16.75137742,7_2012
8,2012,Kilimanjaro,17.31702581,8_2012
9,2012,Kilimanjaro,18.93524333,9_2012
10,2012,Kilimanjaro,21.19960968,10_2012
11,2012,Kilimanjaro,22.01568667,11_2012
12,2012,Kilimanjaro,21.49219355,12_2012
1,2013,Kilimanjaro,21.52205161,1_2013
2,2013,Kilimanjaro,22.38228214,2_2013
3,2013,Kilimanjaro,21.43422258,3_2013
4,2013,Kilimanjaro,20.11009333,4_2013
5,2013,Kilimanjaro,18.11516452,5_2013
6,2013,Kilimanjaro,16.97942,6_2013
7,2013,Kilimanjaro,16.44945484,7_2013
8,2013,Kilimanjaro,17.34360645,8_2013
9,2013,Kilimanjaro,19.45005,9_2013
10,2013,Kilimanjaro,20.35244516,10_2013
11,2013,Kilimanjaro,21.48945,11_2013
12,2013,Kilimanjaro,20.56464516,12_2013
1,2014,Kilimanjaro,21.36707097,1_2014
2,2014,Kilimanjaro,21.43763929,2_2014
3,2014,Kilimanjaro,20.58379677,3_2014
4,2014,Kilimanjaro,19.66803667,4_2014
5,2014,Kilimanjaro,18.1123871,5_2014
6,2014,Kilimanjaro,17.28478667,6_2014
7,2014,Kilimanjaro,16.81799355,7_2014
8,2014,Kilimanjaro,17.83493871,8_2014
9,2014,Kilimanjaro,18.43161667,9_2014
10,2014,Kilimanjaro,20.40849032,10_2014
11,2014,Kilimanjaro,21.82448667,11_2014
12,2014,Kilimanjaro,20.80497097,12_2014
1,2015,Kilimanjaro,22.12766129,1_2015
2,2015,Kilimanjaro,21.52918571,2_2015
3,2015,Kilimanjaro,21.47243871,3_2015
4,2015,Kilimanjaro,19.98465333,4_2015
5,2015,Kilimanjaro,18.6608871,5_2015
6,2015,Kilimanjaro,17.83248667,6_2015
7,2015,Kilimanjaro,16.99805806,7_2015
8,2015,Kilimanjaro,17.68922903,8_2015
9,2015,Kilimanjaro,19.40036667,9_2015
10,2015,Kilimanjaro,21.36226774,10_2015
11,2015,Kilimanjaro,21.46492,11_2015
12,2015,Kilimanjaro,21.51107419,12_2015
1,2016,Kilimanjaro,21.86470323,1_2016
2,2016,Kilimanjaro,21.20258276,2_2016
3,2016,Kilimanjaro,22.32422258,3_2016
4,2016,Kilimanjaro,20.17917,4_2016
5,2016,Kilimanjaro,18.13755806,5_2016
6,2016,Kilimanjaro,17.23785333,6_2016
7,2016,Kilimanjaro,16.82685161,7_2016
8,2016,Kilimanjaro,17.23273226,8_2016
9,2016,Kilimanjaro,17.99867333,9_2016
10,2016,Kilimanjaro,21.16763548,10_2016
11,2016,Kilimanjaro,21.63564,11_2016
12,2016,Kilimanjaro,20.72531613,12_2016
1,2017,Kilimanjaro,21.70717742,1_2017
2,2017,Kilimanjaro,21.09507857,2_2017
3,2017,Kilimanjaro,22.30094839,3_2017
4,2017,Kilimanjaro,19.90620667,4_2017
5,2017,Kilimanjaro,18.35815806,5_2017
6,2017,Kilimanjaro,17.41635,6_2017
7,2017,Kilimanjaro,17.07244839,7_2017
8,2017,Kilimanjaro,17.81562581,8_2017
9,2017,Kilimanjaro,19.45697333,9_2017
10,2017,Kilimanjaro,21.17378065,10_2017
11,2017,Kilimanjaro,20.66988333,11_2017
12,2017,Kilimanjaro,21.10410968,12_2017
1,2018,Kilimanjaro,21.35556129,1_2018
2,2018,Kilimanjaro,21.58848929,2_2018
3,2018,Kilimanjaro,20.35741613,3_2018
4,2018,Kilimanjaro,19.37653667,4_2018
5,2018,Kilimanjaro,18.4295871,5_2018
6,2018,Kilimanjaro,17.16547,6_2018
7,2018,Kilimanjaro,16.45306452,7_2018
8,2018,Kilimanjaro,17.18986452,8_2018
9,2018,Kilimanjaro,18.0181,9_2018
1,2010,Lindi,24.99180968,1_2010
2,2010,Lindi,24.78945714,2_2010
3,2010,Lindi,23.96436774,3_2010
4,2010,Lindi,23.85092,4_2010
5,2010,Lindi,23.6964129,5_2010
6,2010,Lindi,22.05427667,6_2010
7,2010,Lindi,21.34727097,7_2010
8,2010,Lindi,22.40185806,8_2010
9,2010,Lindi,24.36386667,9_2010
10,2010,Lindi,26.73244839,10_2010
11,2010,Lindi,26.72254667,11_2010
12,2010,Lindi,26.21309355,12_2010
1,2011,Lindi,25.04373226,1_2011
2,2011,Lindi,23.65628214,2_2011
3,2011,Lindi,23.05590968,3_2011
4,2011,Lindi,22.42509667,4_2011
5,2011,Lindi,22.16742258,5_2011
6,2011,Lindi,21.54438,6_2011
7,2011,Lindi,20.8037,7_2011
8,2011,Lindi,22.2901129,8_2011
9,2011,Lindi,24.58393,9_2011
10,2011,Lindi,25.85744194,10_2011
11,2011,Lindi,27.21629667,11_2011
12,2011,Lindi,25.50648387,12_2011
1,2012,Lindi,23.91172903,1_2012
2,2012,Lindi,23.81623793,2_2012
3,2012,Lindi,23.00461935,3_2012
4,2012,Lindi,22.36322667,4_2012
5,2012,Lindi,21.85197742,5_2012
6,2012,Lindi,20.97788,6_2012
7,2012,Lindi,20.84643226,7_2012
8,2012,Lindi,23.14359677,8_2012
9,2012,Lindi,24.98302667,9_2012
10,2012,Lindi,26.19818065,10_2012
11,2012,Lindi,26.91766,11_2012
12,2012,Lindi,25.79120645,12_2012
1,2013,Lindi,24.62395484,1_2013
2,2013,Lindi,23.98478929,2_2013
3,2013,Lindi,22.96309032,3_2013
4,2013,Lindi,22.73884333,4_2013
5,2013,Lindi,21.74706774,5_2013
6,2013,Lindi,20.47312,6_2013
7,2013,Lindi,20.52766452,7_2013
8,2013,Lindi,22.52947419,8_2013
9,2013,Lindi,24.70234667,9_2013
10,2013,Lindi,25.46672581,10_2013
11,2013,Lindi,27.13502333,11_2013
12,2013,Lindi,25.73761935,12_2013
1,2014,Lindi,24.50946129,1_2014
2,2014,Lindi,23.64341071,2_2014
3,2014,Lindi,22.9257129,3_2014
4,2014,Lindi,22.10512667,4_2014
5,2014,Lindi,21.91158065,5_2014
6,2014,Lindi,21.22510333,6_2014
7,2014,Lindi,21.24462581,7_2014
8,2014,Lindi,23.04703548,8_2014
9,2014,Lindi,24.11872333,9_2014
10,2014,Lindi,25.72862258,10_2014
11,2014,Lindi,26.83061333,11_2014
12,2014,Lindi,25.7551871,12_2014
1,2015,Lindi,23.41903548,1_2015
2,2015,Lindi,24.05353571,2_2015
3,2015,Lindi,22.8911129,3_2015
4,2015,Lindi,22.76142,4_2015
5,2015,Lindi,22.39171935,5_2015
6,2015,Lindi,21.26037333,6_2015
7,2015,Lindi,21.49568065,7_2015
8,2015,Lindi,23.0596871,8_2015
9,2015,Lindi,25.25566333,9_2015
10,2015,Lindi,27.18770645,10_2015
11,2015,Lindi,26.16747667,11_2015
12,2015,Lindi,25.92611935,12_2015
1,2016,Lindi,24.5544871,1_2016
2,2016,Lindi,23.88308621,2_2016
3,2016,Lindi,24.37328387,3_2016
4,2016,Lindi,23.10842667,4_2016
5,2016,Lindi,21.2768871,5_2016
6,2016,Lindi,20.63432667,6_2016
7,2016,Lindi,21.04192258,7_2016
8,2016,Lindi,22.76857097,8_2016
9,2016,Lindi,24.62239333,9_2016
10,2016,Lindi,26.13249677,10_2016
11,2016,Lindi,27.00983333,11_2016
12,2016,Lindi,26.42393226,12_2016
1,2017,Lindi,25.2804129,1_2017
2,2017,Lindi,23.93980357,2_2017
3,2017,Lindi,23.50192258,3_2017
4,2017,Lindi,22.33400667,4_2017
5,2017,Lindi,22.11964516,5_2017
6,2017,Lindi,21.37069,6_2017
7,2017,Lindi,21.42576452,7_2017
8,2017,Lindi,22.67667742,8_2017
9,2017,Lindi,25.43825,9_2017
10,2017,Lindi,26.64704516,10_2017
11,2017,Lindi,26.69001667,11_2017
12,2017,Lindi,25.83459032,12_2017
1,2018,Lindi,23.35979032,1_2018
2,2018,Lindi,23.97470357,2_2018
3,2018,Lindi,23.10807419,3_2018
4,2018,Lindi,22.31676333,4_2018
5,2018,Lindi,22.04038065,5_2018
6,2018,Lindi,20.94588667,6_2018
7,2018,Lindi,21.0871,7_2018
8,2018,Lindi,23.22548387,8_2018
9,2018,Lindi,23.8968375,9_2018
1,2010,Manyara,19.83034516,1_2010
2,2010,Manyara,20.01650714,2_2010
3,2010,Manyara,20.15580968,3_2010
4,2010,Manyara,19.14876,4_2010
5,2010,Manyara,18.57016452,5_2010
6,2010,Manyara,17.23153333,6_2010
7,2010,Manyara,15.92663548,7_2010
8,2010,Manyara,16.48026129,8_2010
9,2010,Manyara,17.68195667,9_2010
10,2010,Manyara,19.96304516,10_2010
11,2010,Manyara,20.24075667,11_2010
12,2010,Manyara,19.98717097,12_2010
1,2011,Manyara,19.8481871,1_2011
2,2011,Manyara,19.73897857,2_2011
3,2011,Manyara,19.60276774,3_2011
4,2011,Manyara,18.50471667,4_2011
5,2011,Manyara,17.5748871,5_2011
6,2011,Manyara,16.91101,6_2011
7,2011,Manyara,16.04898065,7_2011
8,2011,Manyara,16.31979677,8_2011
9,2011,Manyara,17.80786,9_2011
10,2011,Manyara,19.7049871,10_2011
11,2011,Manyara,20.9396,11_2011
12,2011,Manyara,20.66082258,12_2011
1,2012,Manyara,20.69256129,1_2012
2,2012,Manyara,20.37833448,2_2012
3,2012,Manyara,19.998,3_2012
4,2012,Manyara,18.68238667,4_2012
5,2012,Manyara,17.82930968,5_2012
6,2012,Manyara,16.55936,6_2012
7,2012,Manyara,15.67117742,7_2012
8,2012,Manyara,16.45415484,8_2012
9,2012,Manyara,17.63782333,9_2012
10,2012,Manyara,19.9957129,10_2012
11,2012,Manyara,21.05278,11_2012
12,2012,Manyara,20.51174194,12_2012
1,2013,Manyara,19.78621613,1_2013
2,2013,Manyara,19.70268929,2_2013
3,2013,Manyara,19.41981613,3_2013
4,2013,Manyara,18.80135333,4_2013
5,2013,Manyara,17.19047742,5_2013
6,2013,Manyara,15.83136667,6_2013
7,2013,Manyara,15.38602581,7_2013
8,2013,Manyara,16.18614194,8_2013
9,2013,Manyara,18.03943667,9_2013
10,2013,Manyara,19.20485806,10_2013
11,2013,Manyara,20.47662,11_2013
12,2013,Manyara,19.97781935,12_2013
1,2014,Manyara,19.95405484,1_2014
2,2014,Manyara,19.4852,2_2014
3,2014,Manyara,19.08531613,3_2014
4,2014,Manyara,18.24275,4_2014
5,2014,Manyara,17.36888065,5_2014
6,2014,Manyara,16.35165667,6_2014
7,2014,Manyara,15.74891613,7_2014
8,2014,Manyara,16.74664516,8_2014
9,2014,Manyara,17.48921667,9_2014
10,2014,Manyara,19.61890323,10_2014
11,2014,Manyara,20.55126667,11_2014
12,2014,Manyara,20.12491935,12_2014
1,2015,Manyara,19.67055806,1_2015
2,2015,Manyara,19.70248929,2_2015
3,2015,Manyara,19.25651613,3_2015
4,2015,Manyara,18.72326333,4_2015
5,2015,Manyara,17.91713871,5_2015
6,2015,Manyara,16.88508667,6_2015
7,2015,Manyara,16.13845161,7_2015
8,2015,Manyara,16.6166,8_2015
9,2015,Manyara,18.20529667,9_2015
10,2015,Manyara,20.07449355,10_2015
11,2015,Manyara,20.57122333,11_2015
12,2015,Manyara,20.71170645,12_2015
1,2016,Manyara,20.13251613,1_2016
2,2016,Manyara,19.31454138,2_2016
3,2016,Manyara,20.35872581,3_2016
4,2016,Manyara,18.97248667,4_2016
5,2016,Manyara,17.10547742,5_2016
6,2016,Manyara,16.16169,6_2016
7,2016,Manyara,15.70913548,7_2016
8,2016,Manyara,16.43369677,8_2016
9,2016,Manyara,17.12248667,9_2016
10,2016,Manyara,19.34543871,10_2016
11,2016,Manyara,20.2388,11_2016
12,2016,Manyara,20.14803871,12_2016
1,2017,Manyara,20.32212581,1_2017
2,2017,Manyara,19.70186786,2_2017
3,2017,Manyara,19.84192581,3_2017
4,2017,Manyara,18.3741,4_2017
5,2017,Manyara,17.58053226,5_2017
6,2017,Manyara,16.57073667,6_2017
7,2017,Manyara,15.84992258,7_2017
8,2017,Manyara,16.70744194,8_2017
9,2017,Manyara,18.02976333,9_2017
10,2017,Manyara,20.16275161,10_2017
11,2017,Manyara,20.14582333,11_2017
12,2017,Manyara,20.4453,12_2017
1,2018,Manyara,19.23842581,1_2018
2,2018,Manyara,19.42881071,2_2018
3,2018,Manyara,18.91411613,3_2018
4,2018,Manyara,18.13466333,4_2018
5,2018,Manyara,17.55046774,5_2018
6,2018,Manyara,16.23695,6_2018
7,2018,Manyara,15.55577097,7_2018
8,2018,Manyara,16.31376774,8_2018
9,2018,Manyara,16.9348625,9_2018
1,2010,Mara,20.34010323,1_2010
2,2010,Mara,20.95058929,2_2010
3,2010,Mara,20.65434194,3_2010
4,2010,Mara,20.73139667,4_2010
5,2010,Mara,19.90510645,5_2010
6,2010,Mara,19.42578,6_2010
7,2010,Mara,19.26404516,7_2010
8,2010,Mara,20.05261935,8_2010
9,2010,Mara,20.81746,9_2010
10,2010,Mara,22.17372581,10_2010
11,2010,Mara,22.0457,11_2010
12,2010,Mara,20.57553548,12_2010
1,2011,Mara,20.06798065,1_2011
2,2011,Mara,20.65750714,2_2011
3,2011,Mara,20.68249677,3_2011
4,2011,Mara,20.35924333,4_2011
5,2011,Mara,19.64670645,5_2011
6,2011,Mara,19.53457667,6_2011
7,2011,Mara,19.17226774,7_2011
8,2011,Mara,19.55336452,8_2011
9,2011,Mara,20.81311,9_2011
10,2011,Mara,21.87277742,10_2011
11,2011,Mara,21.03394667,11_2011
12,2011,Mara,19.90686774,12_2011
1,2012,Mara,20.51334516,1_2012
2,2012,Mara,20.81600345,2_2012
3,2012,Mara,21.04246774,3_2012
4,2012,Mara,19.86133,4_2012
5,2012,Mara,19.1902,5_2012
6,2012,Mara,18.57943,6_2012
7,2012,Mara,19.16405806,7_2012
8,2012,Mara,20.17280323,8_2012
9,2012,Mara,21.22669667,9_2012
10,2012,Mara,22.26249355,10_2012
11,2012,Mara,21.24296333,11_2012
12,2012,Mara,20.52059677,12_2012
1,2013,Mara,20.27048387,1_2013
2,2013,Mara,20.03360357,2_2013
3,2013,Mara,20.82913871,3_2013
4,2013,Mara,19.47885333,4_2013
5,2013,Mara,18.78587097,5_2013
6,2013,Mara,18.67636,6_2013
7,2013,Mara,19.04840645,7_2013
8,2013,Mara,19.50558065,8_2013
9,2013,Mara,20.75637667,9_2013
10,2013,Mara,21.79744839,10_2013
11,2013,Mara,21.75136667,11_2013
12,2013,Mara,20.08286129,12_2013
1,2014,Mara,19.84009355,1_2014
2,2014,Mara,20.26257143,2_2014
3,2014,Mara,20.36678065,3_2014
4,2014,Mara,20.10837333,4_2014
5,2014,Mara,19.62197097,5_2014
6,2014,Mara,19.34598667,6_2014
7,2014,Mara,19.2564,7_2014
8,2014,Mara,19.83099355,8_2014
9,2014,Mara,20.65084667,9_2014
10,2014,Mara,21.65203871,10_2014
11,2014,Mara,21.52893,11_2014
12,2014,Mara,20.54457097,12_2014
1,2015,Mara,20.10624839,1_2015
2,2015,Mara,20.64305357,2_2015
3,2015,Mara,21.50081935,3_2015
4,2015,Mara,19.52533333,4_2015
5,2015,Mara,19.28136452,5_2015
6,2015,Mara,19.18759,6_2015
7,2015,Mara,19.25807742,7_2015
8,2015,Mara,19.88071935,8_2015
9,2015,Mara,21.26526333,9_2015
10,2015,Mara,22.70535484,10_2015
11,2015,Mara,20.90578,11_2015
12,2015,Mara,19.92645806,12_2015
1,2016,Mara,20.07153226,1_2016
2,2016,Mara,20.4354069,2_2016
3,2016,Mara,21.64526452,3_2016
4,2016,Mara,20.23659667,4_2016
5,2016,Mara,19.27163226,5_2016
6,2016,Mara,18.86093667,6_2016
7,2016,Mara,19.53728065,7_2016
8,2016,Mara,19.99490323,8_2016
9,2016,Mara,21.16997333,9_2016
10,2016,Mara,22.06498065,10_2016
11,2016,Mara,21.81336667,11_2016
12,2016,Mara,21.11127419,12_2016
1,2017,Mara,21.2689,1_2017
2,2017,Mara,20.63076429,2_2017
3,2017,Mara,21.04698387,3_2017
4,2017,Mara,20.73623667,4_2017
5,2017,Mara,19.67774839,5_2017
6,2017,Mara,19.49928,6_2017
7,2017,Mara,19.7725,7_2017
8,2017,Mara,19.97980323,8_2017
9,2017,Mara,21.10950333,9_2017
10,2017,Mara,22.35996129,10_2017
11,2017,Mara,21.15750667,11_2017
12,2017,Mara,20.90369355,12_2017
1,2018,Mara,19.72263548,1_2018
2,2018,Mara,21.26446429,2_2018
3,2018,Mara,19.79369032,3_2018
4,2018,Mara,19.13303667,4_2018
5,2018,Mara,18.88000645,5_2018
6,2018,Mara,18.8093,6_2018
7,2018,Mara,18.77056774,7_2018
8,2018,Mara,19.75817097,8_2018
9,2018,Mara,20.1696125,9_2018
1,2010,Mbeya,20.1754871,1_2010
2,2010,Mbeya,19.860875,2_2010
3,2010,Mbeya,19.62382581,3_2010
4,2010,Mbeya,19.74064667,4_2010
5,2010,Mbeya,19.10309677,5_2010
6,2010,Mbeya,16.75886,6_2010
7,2010,Mbeya,15.94566129,7_2010
8,2010,Mbeya,17.33527419,8_2010
9,2010,Mbeya,20.27955333,9_2010
10,2010,Mbeya,22.93786774,10_2010
11,2010,Mbeya,23.03818667,11_2010
12,2010,Mbeya,21.02543871,12_2010
1,2011,Mbeya,20.00289355,1_2011
2,2011,Mbeya,19.30192143,2_2011
3,2011,Mbeya,19.21884839,3_2011
4,2011,Mbeya,18.75891333,4_2011
5,2011,Mbeya,17.95633548,5_2011
6,2011,Mbeya,17.08188667,6_2011
7,2011,Mbeya,16.03754194,7_2011
8,2011,Mbeya,17.70965484,8_2011
9,2011,Mbeya,20.26046,9_2011
10,2011,Mbeya,22.24774194,10_2011
11,2011,Mbeya,22.75462667,11_2011
12,2011,Mbeya,20.70242581,12_2011
1,2012,Mbeya,19.77740323,1_2012
2,2012,Mbeya,19.61498621,2_2012
3,2012,Mbeya,19.08187097,3_2012
4,2012,Mbeya,18.23230333,4_2012
5,2012,Mbeya,17.84094839,5_2012
6,2012,Mbeya,16.19063,6_2012
7,2012,Mbeya,15.68925484,7_2012
8,2012,Mbeya,18.17105806,8_2012
9,2012,Mbeya,20.7957,9_2012
10,2012,Mbeya,22.86134516,10_2012
11,2012,Mbeya,22.25615,11_2012
12,2012,Mbeya,21.34860645,12_2012
1,2013,Mbeya,19.67484839,1_2013
2,2013,Mbeya,19.73875,2_2013
3,2013,Mbeya,19.11014194,3_2013
4,2013,Mbeya,18.74689333,4_2013
5,2013,Mbeya,17.61842258,5_2013
6,2013,Mbeya,15.50725,6_2013
7,2013,Mbeya,15.38830968,7_2013
8,2013,Mbeya,17.77543226,8_2013
9,2013,Mbeya,20.91241667,9_2013
10,2013,Mbeya,22.13005484,10_2013
11,2013,Mbeya,22.98746,11_2013
12,2013,Mbeya,20.86545806,12_2013
1,2014,Mbeya,19.55432581,1_2014
2,2014,Mbeya,19.19702857,2_2014
3,2014,Mbeya,18.7665,3_2014
4,2014,Mbeya,18.60308667,4_2014
5,2014,Mbeya,17.52847419,5_2014
6,2014,Mbeya,16.62206,6_2014
7,2014,Mbeya,15.92761935,7_2014
8,2014,Mbeya,18.56493548,8_2014
9,2014,Mbeya,19.93025333,9_2014
10,2014,Mbeya,22.15672581,10_2014
11,2014,Mbeya,22.51945,11_2014
12,2014,Mbeya,21.4143871,12_2014
1,2015,Mbeya,19.28853226,1_2015
2,2015,Mbeya,19.778525,2_2015
3,2015,Mbeya,19.17179355,3_2015
4,2015,Mbeya,18.82149667,4_2015
5,2015,Mbeya,17.956,5_2015
6,2015,Mbeya,16.67694667,6_2015
7,2015,Mbeya,16.46649032,7_2015
8,2015,Mbeya,18.09880968,8_2015
9,2015,Mbeya,20.88980333,9_2015
10,2015,Mbeya,22.88185484,10_2015
11,2015,Mbeya,22.33550667,11_2015
12,2015,Mbeya,20.91874839,12_2015
1,2016,Mbeya,19.9314871,1_2016
2,2016,Mbeya,19.93746552,2_2016
3,2016,Mbeya,20.51580968,3_2016
4,2016,Mbeya,19.3065,4_2016
5,2016,Mbeya,16.83382903,5_2016
6,2016,Mbeya,15.78374,6_2016
7,2016,Mbeya,15.64671613,7_2016
8,2016,Mbeya,17.83963871,8_2016
9,2016,Mbeya,20.14716667,9_2016
10,2016,Mbeya,22.75223548,10_2016
11,2016,Mbeya,22.91665,11_2016
12,2016,Mbeya,21.08213226,12_2016
1,2017,Mbeya,19.81503871,1_2017
2,2017,Mbeya,19.60774286,2_2017
3,2017,Mbeya,19.10864839,3_2017
4,2017,Mbeya,18.69191,4_2017
5,2017,Mbeya,18.0230129,5_2017
6,2017,Mbeya,16.63587667,6_2017
7,2017,Mbeya,16.22419677,7_2017
8,2017,Mbeya,17.99388065,8_2017
9,2017,Mbeya,20.67637333,9_2017
10,2017,Mbeya,23.41070645,10_2017
11,2017,Mbeya,22.43547,11_2017
12,2017,Mbeya,21.21349355,12_2017
1,2018,Mbeya,18.81063871,1_2018
2,2018,Mbeya,19.49698214,2_2018
3,2018,Mbeya,18.88873548,3_2018
4,2018,Mbeya,18.49254,4_2018
5,2018,Mbeya,18.00406452,5_2018
6,2018,Mbeya,16.18708333,6_2018
7,2018,Mbeya,15.62151613,7_2018
8,2018,Mbeya,18.20093548,8_2018
9,2018,Mbeya,19.2145375,9_2018
1,2010,Morogoro,23.34853548,1_2010
2,2010,Morogoro,23.40144286,2_2010
3,2010,Morogoro,23.05573548,3_2010
4,2010,Morogoro,22.14906333,4_2010
5,2010,Morogoro,21.24748387,5_2010
6,2010,Morogoro,19.46222,6_2010
7,2010,Morogoro,18.51125806,7_2010
8,2010,Morogoro,19.64596129,8_2010
9,2010,Morogoro,21.84317333,9_2010
10,2010,Morogoro,24.37449355,10_2010
11,2010,Morogoro,24.2997,11_2010
12,2010,Morogoro,23.79841935,12_2010
1,2011,Morogoro,23.62105484,1_2011
2,2011,Morogoro,23.08382857,2_2011
3,2011,Morogoro,22.72958387,3_2011
4,2011,Morogoro,21.37914333,4_2011
5,2011,Morogoro,20.38205161,5_2011
6,2011,Morogoro,19.62388,6_2011
7,2011,Morogoro,18.9315871,7_2011
8,2011,Morogoro,20.15865806,8_2011
9,2011,Morogoro,22.09020667,9_2011
10,2011,Morogoro,23.72046452,10_2011
11,2011,Morogoro,25.23234667,11_2011
12,2011,Morogoro,23.95006774,12_2011
1,2012,Morogoro,23.43088387,1_2012
2,2012,Morogoro,23.34087586,2_2012
3,2012,Morogoro,22.61490645,3_2012
4,2012,Morogoro,20.99116667,4_2012
5,2012,Morogoro,20.11370968,5_2012
6,2012,Morogoro,18.97845333,6_2012
7,2012,Morogoro,18.80903871,7_2012
8,2012,Morogoro,20.58022581,8_2012
9,2012,Morogoro,22.65644333,9_2012
10,2012,Morogoro,24.52700323,10_2012
11,2012,Morogoro,24.80569333,11_2012
12,2012,Morogoro,24.32000645,12_2012
1,2013,Morogoro,23.1893129,1_2013
2,2013,Morogoro,23.11653571,2_2013
3,2013,Morogoro,22.12752581,3_2013
4,2013,Morogoro,21.54510667,4_2013
5,2013,Morogoro,19.94017097,5_2013
6,2013,Morogoro,18.53811667,6_2013
7,2013,Morogoro,18.6304871,7_2013
8,2013,Morogoro,20.00371935,8_2013
9,2013,Morogoro,22.59031333,9_2013
10,2013,Morogoro,23.39192581,10_2013
11,2013,Morogoro,24.94881,11_2013
12,2013,Morogoro,24.26763548,12_2013
1,2014,Morogoro,23.46592581,1_2014
2,2014,Morogoro,23.26315714,2_2014
3,2014,Morogoro,22.00037097,3_2014
4,2014,Morogoro,21.05351,4_2014
5,2014,Morogoro,19.9729129,5_2014
6,2014,Morogoro,19.15445333,6_2014
7,2014,Morogoro,18.81624516,7_2014
8,2014,Morogoro,20.46813871,8_2014
9,2014,Morogoro,21.64859,9_2014
10,2014,Morogoro,23.89440323,10_2014
11,2014,Morogoro,24.93398667,11_2014
12,2014,Morogoro,24.20464194,12_2014
1,2015,Morogoro,22.80755484,1_2015
2,2015,Morogoro,23.55841786,2_2015
3,2015,Morogoro,22.2784,3_2015
4,2015,Morogoro,21.56923,4_2015
5,2015,Morogoro,20.53290645,5_2015
6,2015,Morogoro,19.59028667,6_2015
7,2015,Morogoro,19.39137419,7_2015
8,2015,Morogoro,20.4784129,8_2015
9,2015,Morogoro,23.01663333,9_2015
10,2015,Morogoro,24.8543,10_2015
11,2015,Morogoro,24.43511,11_2015
12,2015,Morogoro,24.91423871,12_2015
1,2016,Morogoro,23.32781613,1_2016
2,2016,Morogoro,22.91183448,2_2016
3,2016,Morogoro,23.75982581,3_2016
4,2016,Morogoro,21.74311,4_2016
5,2016,Morogoro,19.81961613,5_2016
6,2016,Morogoro,18.77162333,6_2016
7,2016,Morogoro,18.84820323,7_2016
8,2016,Morogoro,20.35894516,8_2016
9,2016,Morogoro,22.01774,9_2016
10,2016,Morogoro,24.27926774,10_2016
11,2016,Morogoro,24.98497333,11_2016
12,2016,Morogoro,24.38836774,12_2016
1,2017,Morogoro,23.82429032,1_2017
2,2017,Morogoro,23.17323929,2_2017
3,2017,Morogoro,22.76930968,3_2017
4,2017,Morogoro,21.02559667,4_2017
5,2017,Morogoro,19.98042258,5_2017
6,2017,Morogoro,19.34749,6_2017
7,2017,Morogoro,19.03526129,7_2017
8,2017,Morogoro,19.97864194,8_2017
9,2017,Morogoro,22.96576667,9_2017
10,2017,Morogoro,24.55691935,10_2017
11,2017,Morogoro,24.15199,11_2017
12,2017,Morogoro,24.01266452,12_2017
1,2018,Morogoro,22.6665,1_2018
2,2018,Morogoro,22.91569643,2_2018
3,2018,Morogoro,22.36315484,3_2018
4,2018,Morogoro,21.23312667,4_2018
5,2018,Morogoro,20.30656129,5_2018
6,2018,Morogoro,19.16096333,6_2018
7,2018,Morogoro,18.58086129,7_2018
8,2018,Morogoro,20.92264516,8_2018
9,2018,Morogoro,21.2288375,9_2018
1,2010,Mtwara,25.81734839,1_2010
2,2010,Mtwara,25.43752857,2_2010
3,2010,Mtwara,24.28477419,3_2010
4,2010,Mtwara,24.30256,4_2010
5,2010,Mtwara,24.03201935,5_2010
6,2010,Mtwara,22.13775667,6_2010
7,2010,Mtwara,21.75802903,7_2010
8,2010,Mtwara,22.76273871,8_2010
9,2010,Mtwara,25.01886333,9_2010
10,2010,Mtwara,27.95677742,10_2010
11,2010,Mtwara,28.64185667,11_2010
12,2010,Mtwara,27.83864194,12_2010
1,2011,Mtwara,25.73757097,1_2011
2,2011,Mtwara,23.979325,2_2011
3,2011,Mtwara,23.55740645,3_2011
4,2011,Mtwara,23.00326667,4_2011
5,2011,Mtwara,22.33709677,5_2011
6,2011,Mtwara,21.47485667,6_2011
7,2011,Mtwara,20.85576129,7_2011
8,2011,Mtwara,22.7180871,8_2011
9,2011,Mtwara,25.39640667,9_2011
10,2011,Mtwara,26.94582581,10_2011
11,2011,Mtwara,28.40294333,11_2011
12,2011,Mtwara,26.53046774,12_2011
1,2012,Mtwara,24.96174516,1_2012
2,2012,Mtwara,24.62917241,2_2012
3,2012,Mtwara,23.53569355,3_2012
4,2012,Mtwara,22.39556667,4_2012
5,2012,Mtwara,21.85700968,5_2012
6,2012,Mtwara,21.05484333,6_2012
7,2012,Mtwara,21.16223548,7_2012
8,2012,Mtwara,23.72712581,8_2012
9,2012,Mtwara,25.98488667,9_2012
10,2012,Mtwara,27.37100968,10_2012
11,2012,Mtwara,28.54878667,11_2012
12,2012,Mtwara,27.10372258,12_2012
1,2013,Mtwara,25.46157097,1_2013
2,2013,Mtwara,24.5663,2_2013
3,2013,Mtwara,23.51705484,3_2013
4,2013,Mtwara,22.95834333,4_2013
5,2013,Mtwara,21.83650645,5_2013
6,2013,Mtwara,20.80052333,6_2013
7,2013,Mtwara,20.80150968,7_2013
8,2013,Mtwara,23.15945161,8_2013
9,2013,Mtwara,25.76434333,9_2013
10,2013,Mtwara,26.65202258,10_2013
11,2013,Mtwara,28.09395667,11_2013
12,2013,Mtwara,26.6535129,12_2013
1,2014,Mtwara,25.52118065,1_2014
2,2014,Mtwara,24.1472,2_2014
3,2014,Mtwara,23.55931935,3_2014
4,2014,Mtwara,22.47902333,4_2014
5,2014,Mtwara,21.83483871,5_2014
6,2014,Mtwara,21.38030667,6_2014
7,2014,Mtwara,21.62734194,7_2014
8,2014,Mtwara,23.62663226,8_2014
9,2014,Mtwara,24.9631,9_2014
10,2014,Mtwara,26.7959,10_2014
11,2014,Mtwara,28.08714667,11_2014
12,2014,Mtwara,26.72727419,12_2014
1,2015,Mtwara,24.38893871,1_2015
2,2015,Mtwara,24.76877857,2_2015
3,2015,Mtwara,23.45030968,3_2015
4,2015,Mtwara,23.06439667,4_2015
5,2015,Mtwara,22.55006774,5_2015
6,2015,Mtwara,21.27089667,6_2015
7,2015,Mtwara,21.94797097,7_2015
8,2015,Mtwara,23.92426452,8_2015
9,2015,Mtwara,26.42132333,9_2015
10,2015,Mtwara,28.30325484,10_2015
11,2015,Mtwara,27.57680333,11_2015
12,2015,Mtwara,26.98281613,12_2015
1,2016,Mtwara,25.40155161,1_2016
2,2016,Mtwara,24.71601724,2_2016
3,2016,Mtwara,24.89762903,3_2016
4,2016,Mtwara,23.29153,4_2016
5,2016,Mtwara,21.18561613,5_2016
6,2016,Mtwara,20.65803667,6_2016
7,2016,Mtwara,21.35091935,7_2016
8,2016,Mtwara,23.14786774,8_2016
9,2016,Mtwara,25.64253333,9_2016
10,2016,Mtwara,27.20924516,10_2016
11,2016,Mtwara,28.27968333,11_2016
12,2016,Mtwara,27.73870968,12_2016
1,2017,Mtwara,25.92185161,1_2017
2,2017,Mtwara,24.67518214,2_2017
3,2017,Mtwara,24.0971871,3_2017
4,2017,Mtwara,22.56261333,4_2017
5,2017,Mtwara,22.344,5_2017
6,2017,Mtwara,21.58569667,6_2017
7,2017,Mtwara,21.68317419,7_2017
8,2017,Mtwara,23.20360645,8_2017
9,2017,Mtwara,26.15431333,9_2017
10,2017,Mtwara,27.7631129,10_2017
11,2017,Mtwara,28.21565667,11_2017
12,2017,Mtwara,26.69883226,12_2017
1,2018,Mtwara,24.25000645,1_2018
2,2018,Mtwara,24.51900357,2_2018
3,2018,Mtwara,23.98451613,3_2018
4,2018,Mtwara,22.80274333,4_2018
5,2018,Mtwara,22.38670645,5_2018
6,2018,Mtwara,21.14055,6_2018
7,2018,Mtwara,21.35764194,7_2018
8,2018,Mtwara,23.99418065,8_2018
9,2018,Mtwara,24.7086375,9_2018
1,2010,Mwanza,20.63462581,1_2010
2,2010,Mwanza,21.1008,2_2010
3,2010,Mwanza,20.87179677,3_2010
4,2010,Mwanza,21.1266,4_2010
5,2010,Mwanza,20.63136129,5_2010
6,2010,Mwanza,20.13528,6_2010
7,2010,Mwanza,19.64206452,7_2010
8,2010,Mwanza,20.19148065,8_2010
9,2010,Mwanza,21.00276667,9_2010
10,2010,Mwanza,21.97377419,10_2010
11,2010,Mwanza,22.12681,11_2010
12,2010,Mwanza,20.50731613,12_2010
1,2011,Mwanza,20.16632903,1_2011
2,2011,Mwanza,20.46387143,2_2011
3,2011,Mwanza,20.14652258,3_2011
4,2011,Mwanza,20.15484333,4_2011
5,2011,Mwanza,19.79926452,5_2011
6,2011,Mwanza,19.63567333,6_2011
7,2011,Mwanza,18.79942581,7_2011
8,2011,Mwanza,19.79118065,8_2011
9,2011,Mwanza,20.93730333,9_2011
10,2011,Mwanza,21.15793226,10_2011
11,2011,Mwanza,20.87723,11_2011
12,2011,Mwanza,20.21832903,12_2011
1,2012,Mwanza,20.36134194,1_2012
2,2012,Mwanza,20.51978966,2_2012
3,2012,Mwanza,20.43277742,3_2012
4,2012,Mwanza,19.81170667,4_2012
5,2012,Mwanza,19.50848387,5_2012
6,2012,Mwanza,18.96323667,6_2012
7,2012,Mwanza,19.03592581,7_2012
8,2012,Mwanza,20.08251613,8_2012
9,2012,Mwanza,21.35147,9_2012
10,2012,Mwanza,22.31077742,10_2012
11,2012,Mwanza,21.14001333,11_2012
12,2012,Mwanza,20.32494839,12_2012
1,2013,Mwanza,20.54048065,1_2013
2,2013,Mwanza,20.48899286,2_2013
3,2013,Mwanza,20.51954516,3_2013
4,2013,Mwanza,19.79633333,4_2013
5,2013,Mwanza,19.48159677,5_2013
6,2013,Mwanza,18.79568667,6_2013
7,2013,Mwanza,18.56480968,7_2013
8,2013,Mwanza,19.47429355,8_2013
9,2013,Mwanza,20.82745,9_2013
10,2013,Mwanza,21.62976774,10_2013
11,2013,Mwanza,21.44527333,11_2013
12,2013,Mwanza,20.13272581,12_2013
1,2014,Mwanza,20.06225484,1_2014
2,2014,Mwanza,20.30081071,2_2014
3,2014,Mwanza,20.25262258,3_2014
4,2014,Mwanza,19.84885,4_2014
5,2014,Mwanza,19.76883226,5_2014
6,2014,Mwanza,19.53967333,6_2014
7,2014,Mwanza,19.29504839,7_2014
8,2014,Mwanza,19.95165484,8_2014
9,2014,Mwanza,20.78561,9_2014
10,2014,Mwanza,21.24875806,10_2014
11,2014,Mwanza,21.27347667,11_2014
12,2014,Mwanza,20.37839677,12_2014
1,2015,Mwanza,20.03920645,1_2015
2,2015,Mwanza,20.45756071,2_2015
3,2015,Mwanza,20.81401935,3_2015
4,2015,Mwanza,19.88911667,4_2015
5,2015,Mwanza,19.91078387,5_2015
6,2015,Mwanza,19.84977667,6_2015
7,2015,Mwanza,19.38302258,7_2015
8,2015,Mwanza,20.10347742,8_2015
9,2015,Mwanza,21.53860667,9_2015
10,2015,Mwanza,22.41523226,10_2015
11,2015,Mwanza,20.91308333,11_2015
12,2015,Mwanza,20.2671871,12_2015
1,2016,Mwanza,20.52240323,1_2016
2,2016,Mwanza,20.74763448,2_2016
3,2016,Mwanza,21.64630323,3_2016
4,2016,Mwanza,20.25193333,4_2016
5,2016,Mwanza,19.87646452,5_2016
6,2016,Mwanza,19.37042667,6_2016
7,2016,Mwanza,19.16270323,7_2016
8,2016,Mwanza,19.82197097,8_2016
9,2016,Mwanza,21.13755,9_2016
10,2016,Mwanza,21.94538387,10_2016
11,2016,Mwanza,21.62389333,11_2016
12,2016,Mwanza,21.07802581,12_2016
1,2017,Mwanza,20.8472129,1_2017
2,2017,Mwanza,20.33232857,2_2017
3,2017,Mwanza,20.57955806,3_2017
4,2017,Mwanza,20.38837667,4_2017
5,2017,Mwanza,19.84267742,5_2017
6,2017,Mwanza,19.94576,6_2017
7,2017,Mwanza,19.61026774,7_2017
8,2017,Mwanza,20.43268065,8_2017
9,2017,Mwanza,20.98120667,9_2017
10,2017,Mwanza,21.76966129,10_2017
11,2017,Mwanza,20.99977667,11_2017
12,2017,Mwanza,20.5935129,12_2017
1,2018,Mwanza,19.3876,1_2018
2,2018,Mwanza,20.69751071,2_2018
3,2018,Mwanza,19.93529032,3_2018
4,2018,Mwanza,19.47879667,4_2018
5,2018,Mwanza,19.39538387,5_2018
6,2018,Mwanza,19.26384667,6_2018
7,2018,Mwanza,18.90340645,7_2018
8,2018,Mwanza,20.11710323,8_2018
9,2018,Mwanza,20.7971375,9_2018
1,2010,PembaNorth,27.62645161,1_2010
2,2010,PembaNorth,28.00525,2_2010
3,2010,PembaNorth,28.17287097,3_2010
4,2010,PembaNorth,27.38653333,4_2010
5,2010,PembaNorth,27.01096774,5_2010
6,2010,PembaNorth,26.3812,6_2010
7,2010,PembaNorth,25.3803871,7_2010
8,2010,PembaNorth,24.79277419,8_2010
9,2010,PembaNorth,24.937,9_2010
10,2010,PembaNorth,25.85422581,10_2010
11,2010,PembaNorth,26.27006667,11_2010
12,2010,PembaNorth,26.95854839,12_2010
1,2011,PembaNorth,26.88003226,1_2011
2,2011,PembaNorth,27.07717857,2_2011
3,2011,PembaNorth,27.32693548,3_2011
4,2011,PembaNorth,26.78283333,4_2011
5,2011,PembaNorth,26.0646129,5_2011
6,2011,PembaNorth,25.76976667,6_2011
7,2011,PembaNorth,24.89296774,7_2011
8,2011,PembaNorth,25.01622581,8_2011
9,2011,PembaNorth,25.1163,9_2011
10,2011,PembaNorth,25.55658065,10_2011
11,2011,PembaNorth,26.44876667,11_2011
12,2011,PembaNorth,27.12922581,12_2011
1,2012,PembaNorth,26.66467742,1_2012
2,2012,PembaNorth,26.63917241,2_2012
3,2012,PembaNorth,27.05735484,3_2012
4,2012,PembaNorth,26.9671,4_2012
5,2012,PembaNorth,25.95812903,5_2012
6,2012,PembaNorth,25.25986667,6_2012
7,2012,PembaNorth,24.67651613,7_2012
8,2012,PembaNorth,24.86074194,8_2012
9,2012,PembaNorth,25.55983333,9_2012
10,2012,PembaNorth,25.62274194,10_2012
11,2012,PembaNorth,26.20243333,11_2012
12,2012,PembaNorth,26.90541935,12_2012
1,2013,PembaNorth,27.37435484,1_2013
2,2013,PembaNorth,26.86810714,2_2013
3,2013,PembaNorth,27.2393871,3_2013
4,2013,PembaNorth,26.8976,4_2013
5,2013,PembaNorth,25.94574194,5_2013
6,2013,PembaNorth,25.15213333,6_2013
7,2013,PembaNorth,24.3853871,7_2013
8,2013,PembaNorth,24.56883871,8_2013
9,2013,PembaNorth,24.99606667,9_2013
10,2013,PembaNorth,25.37258065,10_2013
11,2013,PembaNorth,26.0901,11_2013
12,2013,PembaNorth,26.86654839,12_2013
1,2014,PembaNorth,26.94925806,1_2014
2,2014,PembaNorth,27.14867857,2_2014
3,2014,PembaNorth,27.27235484,3_2014
4,2014,PembaNorth,26.64383333,4_2014
5,2014,PembaNorth,26.16693548,5_2014
6,2014,PembaNorth,25.54733333,6_2014
7,2014,PembaNorth,24.80929032,7_2014
8,2014,PembaNorth,24.84122581,8_2014
9,2014,PembaNorth,24.9066,9_2014
10,2014,PembaNorth,25.62925806,10_2014
11,2014,PembaNorth,26.3324,11_2014
12,2014,PembaNorth,26.92716129,12_2014
1,2015,PembaNorth,26.55145161,1_2015
2,2015,PembaNorth,27.04178571,2_2015
3,2015,PembaNorth,26.91341935,3_2015
4,2015,PembaNorth,27.057,4_2015
5,2015,PembaNorth,26.43664516,5_2015
6,2015,PembaNorth,26.0037,6_2015
7,2015,PembaNorth,25.2453871,7_2015
8,2015,PembaNorth,25.25270968,8_2015
9,2015,PembaNorth,25.47713333,9_2015
10,2015,PembaNorth,26.50809677,10_2015
11,2015,PembaNorth,26.56843333,11_2015
12,2015,PembaNorth,27.39209677,12_2015
1,2016,PembaNorth,27.68958065,1_2016
2,2016,PembaNorth,27.16213793,2_2016
3,2016,PembaNorth,28.45741935,3_2016
4,2016,PembaNorth,27.5269,4_2016
5,2016,PembaNorth,26.60616129,5_2016
6,2016,PembaNorth,25.3704,6_2016
7,2016,PembaNorth,24.38596774,7_2016
8,2016,PembaNorth,24.83870968,8_2016
9,2016,PembaNorth,25.02476667,9_2016
10,2016,PembaNorth,25.43780645,10_2016
11,2016,PembaNorth,26.38886667,11_2016
12,2016,PembaNorth,26.77612903,12_2016
1,2017,PembaNorth,27.24606452,1_2017
2,2017,PembaNorth,27.39239286,2_2017
3,2017,PembaNorth,27.57883871,3_2017
4,2017,PembaNorth,26.82113333,4_2017
5,2017,PembaNorth,26.09264516,5_2017
6,2017,PembaNorth,25.94083333,6_2017
7,2017,PembaNorth,25.32725806,7_2017
8,2017,PembaNorth,25.21503226,8_2017
9,2017,PembaNorth,25.36296667,9_2017
10,2017,PembaNorth,26.03993548,10_2017
11,2017,PembaNorth,26.47313333,11_2017
12,2017,PembaNorth,27.03470968,12_2017
1,2018,PembaNorth,26.33219355,1_2018
2,2018,PembaNorth,26.84360714,2_2018
3,2018,PembaNorth,27.05245161,3_2018
4,2018,PembaNorth,26.86626667,4_2018
5,2018,PembaNorth,26.31309677,5_2018
6,2018,PembaNorth,25.38533333,6_2018
7,2018,PembaNorth,24.75467742,7_2018
8,2018,PembaNorth,25.26422581,8_2018
9,2018,PembaNorth,25.091625,9_2018
1,2010,PembaSouth,27.69678065,1_2010
2,2010,PembaSouth,28.05438929,2_2010
3,2010,PembaSouth,28.19021613,3_2010
4,2010,PembaSouth,27.36062333,4_2010
5,2010,PembaSouth,27.03145806,5_2010
6,2010,PembaSouth,26.33350667,6_2010
7,2010,PembaSouth,25.31754839,7_2010
8,2010,PembaSouth,24.75459355,8_2010
9,2010,PembaSouth,24.90814333,9_2010
10,2010,PembaSouth,25.80115161,10_2010
11,2010,PembaSouth,26.25599333,11_2010
12,2010,PembaSouth,26.96278065,12_2010
1,2011,PembaSouth,27.014,1_2011
2,2011,PembaSouth,27.20835357,2_2011
3,2011,PembaSouth,27.43112581,3_2011
4,2011,PembaSouth,26.81304,4_2011
5,2011,PembaSouth,26.09665484,5_2011
6,2011,PembaSouth,25.70593667,6_2011
7,2011,PembaSouth,24.85614194,7_2011
8,2011,PembaSouth,24.98269032,8_2011
9,2011,PembaSouth,25.10296667,9_2011
10,2011,PembaSouth,25.57179032,10_2011
11,2011,PembaSouth,26.51517333,11_2011
12,2011,PembaSouth,27.27026129,12_2011
1,2012,PembaSouth,26.85632903,1_2012
2,2012,PembaSouth,26.76877586,2_2012
3,2012,PembaSouth,27.21662581,3_2012
4,2012,PembaSouth,26.95519667,4_2012
5,2012,PembaSouth,25.94157742,5_2012
6,2012,PembaSouth,25.17402333,6_2012
7,2012,PembaSouth,24.63610968,7_2012
8,2012,PembaSouth,24.83859677,8_2012
9,2012,PembaSouth,25.54234,9_2012
10,2012,PembaSouth,25.64980323,10_2012
11,2012,PembaSouth,26.27670333,11_2012
12,2012,PembaSouth,27.03823226,12_2012
1,2013,PembaSouth,27.51065484,1_2013
2,2013,PembaSouth,27.05162857,2_2013
3,2013,PembaSouth,27.26652258,3_2013
4,2013,PembaSouth,26.90321333,4_2013
5,2013,PembaSouth,25.91615161,5_2013
6,2013,PembaSouth,25.04183,6_2013
7,2013,PembaSouth,24.34062903,7_2013
8,2013,PembaSouth,24.58428387,8_2013
9,2013,PembaSouth,25.00456333,9_2013
10,2013,PembaSouth,25.40566452,10_2013
11,2013,PembaSouth,26.15759,11_2013
12,2013,PembaSouth,27.00127742,12_2013
1,2014,PembaSouth,27.12608065,1_2014
2,2014,PembaSouth,27.32084286,2_2014
3,2014,PembaSouth,27.33508065,3_2014
4,2014,PembaSouth,26.62778667,4_2014
5,2014,PembaSouth,26.11358387,5_2014
6,2014,PembaSouth,25.4557,6_2014
7,2014,PembaSouth,24.77624839,7_2014
8,2014,PembaSouth,24.86065806,8_2014
9,2014,PembaSouth,24.91265333,9_2014
10,2014,PembaSouth,25.67398065,10_2014
11,2014,PembaSouth,26.43287667,11_2014
12,2014,PembaSouth,27.07275161,12_2014
1,2015,PembaSouth,26.71037419,1_2015
2,2015,PembaSouth,27.19016071,2_2015
3,2015,PembaSouth,26.97308065,3_2015
4,2015,PembaSouth,27.04247333,4_2015
5,2015,PembaSouth,26.39912258,5_2015
6,2015,PembaSouth,25.90384333,6_2015
7,2015,PembaSouth,25.2331129,7_2015
8,2015,PembaSouth,25.23096774,8_2015
9,2015,PembaSouth,25.45271667,9_2015
10,2015,PembaSouth,26.53688387,10_2015
11,2015,PembaSouth,26.64611667,11_2015
12,2015,PembaSouth,27.54583226,12_2015
1,2016,PembaSouth,27.85984516,1_2016
2,2016,PembaSouth,27.30377586,2_2016
3,2016,PembaSouth,28.5468129,3_2016
4,2016,PembaSouth,27.53344667,4_2016
5,2016,PembaSouth,26.46656129,5_2016
6,2016,PembaSouth,25.25732333,6_2016
7,2016,PembaSouth,24.3324,7_2016
8,2016,PembaSouth,24.83544516,8_2016
9,2016,PembaSouth,25.01888333,9_2016
10,2016,PembaSouth,25.47818065,10_2016
11,2016,PembaSouth,26.44545667,11_2016
12,2016,PembaSouth,26.90436129,12_2016
1,2017,PembaSouth,27.40678387,1_2017
2,2017,PembaSouth,27.50593214,2_2017
3,2017,PembaSouth,27.64953226,3_2017
4,2017,PembaSouth,26.80025333,4_2017
5,2017,PembaSouth,26.09834194,5_2017
6,2017,PembaSouth,25.88535,6_2017
7,2017,PembaSouth,25.29397419,7_2017
8,2017,PembaSouth,25.20270645,8_2017
9,2017,PembaSouth,25.36184333,9_2017
10,2017,PembaSouth,26.06492581,10_2017
11,2017,PembaSouth,26.61112333,11_2017
12,2017,PembaSouth,27.17435161,12_2017
1,2018,PembaSouth,26.51275161,1_2018
2,2018,PembaSouth,27.024925,2_2018
3,2018,PembaSouth,27.15790968,3_2018
4,2018,PembaSouth,26.85377333,4_2018
5,2018,PembaSouth,26.27392258,5_2018
6,2018,PembaSouth,25.30631,6_2018
7,2018,PembaSouth,24.73577419,7_2018
8,2018,PembaSouth,25.23553226,8_2018
9,2018,PembaSouth,25.1229625,9_2018
1,2010,Pwani,27.33287097,1_2010
2,2010,Pwani,27.64945357,2_2010
3,2010,Pwani,26.70571613,3_2010
4,2010,Pwani,25.49557333,4_2010
5,2010,Pwani,24.72087419,5_2010
6,2010,Pwani,23.87774,6_2010
7,2010,Pwani,23.08544194,7_2010
8,2010,Pwani,24.00383548,8_2010
9,2010,Pwani,25.82789667,9_2010
10,2010,Pwani,28.58624516,10_2010
11,2010,Pwani,27.74924333,11_2010
12,2010,Pwani,27.06434839,12_2010
1,2011,Pwani,26.72862258,1_2011
2,2011,Pwani,26.18897143,2_2011
3,2011,Pwani,25.91786452,3_2011
4,2011,Pwani,23.94337,4_2011
5,2011,Pwani,23.32720968,5_2011
6,2011,Pwani,22.72082,6_2011
7,2011,Pwani,22.77855806,7_2011
8,2011,Pwani,23.90310323,8_2011
9,2011,Pwani,25.43814333,9_2011
10,2011,Pwani,26.85842258,10_2011
11,2011,Pwani,27.91289667,11_2011
12,2011,Pwani,26.8517,12_2011
1,2012,Pwani,26.42510968,1_2012
2,2012,Pwani,26.67137241,2_2012
3,2012,Pwani,25.75804839,3_2012
4,2012,Pwani,24.17877,4_2012
5,2012,Pwani,23.17701613,5_2012
6,2012,Pwani,22.52781,6_2012
7,2012,Pwani,22.65469355,7_2012
8,2012,Pwani,24.29993548,8_2012
9,2012,Pwani,26.39215333,9_2012
10,2012,Pwani,28.08246774,10_2012
11,2012,Pwani,28.19190333,11_2012
12,2012,Pwani,27.22736129,12_2012
1,2013,Pwani,26.45679355,1_2013
2,2013,Pwani,26.74946429,2_2013
3,2013,Pwani,25.29761935,3_2013
4,2013,Pwani,24.15080333,4_2013
5,2013,Pwani,23.02278065,5_2013
6,2013,Pwani,22.01215,6_2013
7,2013,Pwani,22.24205806,7_2013
8,2013,Pwani,23.63180645,8_2013
9,2013,Pwani,26.28667333,9_2013
10,2013,Pwani,26.53204516,10_2013
11,2013,Pwani,27.85621333,11_2013
12,2013,Pwani,27.22255161,12_2013
1,2014,Pwani,26.77875806,1_2014
2,2014,Pwani,26.31544643,2_2014
3,2014,Pwani,24.92196129,3_2014
4,2014,Pwani,23.71074333,4_2014
5,2014,Pwani,22.83923871,5_2014
6,2014,Pwani,22.54667333,6_2014
7,2014,Pwani,22.51758065,7_2014
8,2014,Pwani,24.1639,8_2014
9,2014,Pwani,25.21260667,9_2014
10,2014,Pwani,27.0370129,10_2014
11,2014,Pwani,27.91286,11_2014
12,2014,Pwani,26.85837097,12_2014
1,2015,Pwani,25.46749032,1_2015
2,2015,Pwani,27.05956071,2_2015
3,2015,Pwani,25.70975161,3_2015
4,2015,Pwani,24.20670667,4_2015
5,2015,Pwani,23.55053548,5_2015
6,2015,Pwani,22.94917333,6_2015
7,2015,Pwani,23.12923226,7_2015
8,2015,Pwani,24.53998387,8_2015
9,2015,Pwani,26.70306,9_2015
10,2015,Pwani,28.45660645,10_2015
11,2015,Pwani,26.95127,11_2015
12,2015,Pwani,27.4707,12_2015
1,2016,Pwani,26.65227097,1_2016
2,2016,Pwani,25.92873448,2_2016
3,2016,Pwani,26.88759355,3_2016
4,2016,Pwani,24.71692333,4_2016
5,2016,Pwani,23.04638387,5_2016
6,2016,Pwani,22.35969,6_2016
7,2016,Pwani,22.62007742,7_2016
8,2016,Pwani,24.11260323,8_2016
9,2016,Pwani,25.82885667,9_2016
10,2016,Pwani,27.84929355,10_2016
11,2016,Pwani,28.16370333,11_2016
12,2016,Pwani,27.53849677,12_2016
1,2017,Pwani,27.45942903,1_2017
2,2017,Pwani,26.89466071,2_2017
3,2017,Pwani,25.94587742,3_2017
4,2017,Pwani,23.82137,4_2017
5,2017,Pwani,23.0372129,5_2017
6,2017,Pwani,22.44751,6_2017
7,2017,Pwani,22.62363871,7_2017
8,2017,Pwani,24.00403226,8_2017
9,2017,Pwani,26.36170333,9_2017
10,2017,Pwani,27.66279355,10_2017
11,2017,Pwani,26.96821667,11_2017
12,2017,Pwani,26.94342903,12_2017
1,2018,Pwani,25.04906129,1_2018
2,2018,Pwani,26.93411071,2_2018
3,2018,Pwani,24.99810968,3_2018
4,2018,Pwani,23.87657667,4_2018
5,2018,Pwani,23.26593226,5_2018
6,2018,Pwani,22.20277667,6_2018
7,2018,Pwani,22.41485161,7_2018
8,2018,Pwani,24.33254839,8_2018
9,2018,Pwani,25.08035,9_2018
1,2010,Rukwa,19.80727419,1_2010
2,2010,Rukwa,20.01693214,2_2010
3,2010,Rukwa,19.96219677,3_2010
4,2010,Rukwa,20.36084333,4_2010
5,2010,Rukwa,19.93629032,5_2010
6,2010,Rukwa,18.10085667,6_2010
7,2010,Rukwa,17.47329355,7_2010
8,2010,Rukwa,18.6069129,8_2010
9,2010,Rukwa,21.32518,9_2010
10,2010,Rukwa,23.30599677,10_2010
11,2010,Rukwa,23.01197333,11_2010
12,2010,Rukwa,20.53236452,12_2010
1,2011,Rukwa,19.68736452,1_2011
2,2011,Rukwa,19.77048571,2_2011
3,2011,Rukwa,19.63671613,3_2011
4,2011,Rukwa,19.36676333,4_2011
5,2011,Rukwa,18.85729677,5_2011
6,2011,Rukwa,18.23168667,6_2011
7,2011,Rukwa,17.36524839,7_2011
8,2011,Rukwa,18.77357742,8_2011
9,2011,Rukwa,20.8965,9_2011
10,2011,Rukwa,22.02032581,10_2011
11,2011,Rukwa,21.37332667,11_2011
12,2011,Rukwa,19.9887,12_2011
1,2012,Rukwa,19.81436452,1_2012
2,2012,Rukwa,19.38571379,2_2012
3,2012,Rukwa,19.64977097,3_2012
4,2012,Rukwa,19.03664,4_2012
5,2012,Rukwa,18.66327419,5_2012
6,2012,Rukwa,17.41226667,6_2012
7,2012,Rukwa,17.25692581,7_2012
8,2012,Rukwa,19.1971129,8_2012
9,2012,Rukwa,21.46138333,9_2012
10,2012,Rukwa,22.83006774,10_2012
11,2012,Rukwa,21.57962667,11_2012
12,2012,Rukwa,20.29143226,12_2012
1,2013,Rukwa,19.69436774,1_2013
2,2013,Rukwa,19.94631429,2_2013
3,2013,Rukwa,19.59597419,3_2013
4,2013,Rukwa,19.18105,4_2013
5,2013,Rukwa,18.4476871,5_2013
6,2013,Rukwa,16.78610667,6_2013
7,2013,Rukwa,16.92923871,7_2013
8,2013,Rukwa,18.7686871,8_2013
9,2013,Rukwa,21.51631333,9_2013
10,2013,Rukwa,22.02656129,10_2013
11,2013,Rukwa,22.25052667,11_2013
12,2013,Rukwa,19.9623871,12_2013
1,2014,Rukwa,19.4386129,1_2014
2,2014,Rukwa,19.59571071,2_2014
3,2014,Rukwa,19.45287419,3_2014
4,2014,Rukwa,19.06477667,4_2014
5,2014,Rukwa,18.63041935,5_2014
6,2014,Rukwa,17.92277333,6_2014
7,2014,Rukwa,17.50028065,7_2014
8,2014,Rukwa,19.56145484,8_2014
9,2014,Rukwa,20.54933,9_2014
10,2014,Rukwa,22.0838129,10_2014
11,2014,Rukwa,21.68599333,11_2014
12,2014,Rukwa,20.38224839,12_2014
1,2015,Rukwa,19.23162903,1_2015
2,2015,Rukwa,20.06297857,2_2015
3,2015,Rukwa,19.65038065,3_2015
4,2015,Rukwa,19.16788667,4_2015
5,2015,Rukwa,18.99083871,5_2015
6,2015,Rukwa,18.17677333,6_2015
7,2015,Rukwa,17.83976129,7_2015
8,2015,Rukwa,19.18739355,8_2015
9,2015,Rukwa,21.56805333,9_2015
10,2015,Rukwa,22.63672903,10_2015
11,2015,Rukwa,21.21983,11_2015
12,2015,Rukwa,20.3584,12_2015
1,2016,Rukwa,19.973,1_2016
2,2016,Rukwa,20.32018966,2_2016
3,2016,Rukwa,21.17614194,3_2016
4,2016,Rukwa,19.75175333,4_2016
5,2016,Rukwa,18.16687097,5_2016
6,2016,Rukwa,17.19925333,6_2016
7,2016,Rukwa,16.99892581,7_2016
8,2016,Rukwa,18.92367097,8_2016
9,2016,Rukwa,21.02541333,9_2016
10,2016,Rukwa,22.77507097,10_2016
11,2016,Rukwa,22.22088667,11_2016
12,2016,Rukwa,20.12536452,12_2016
1,2017,Rukwa,19.84137742,1_2017
2,2017,Rukwa,19.79055,2_2017
3,2017,Rukwa,19.58395161,3_2017
4,2017,Rukwa,18.92482,4_2017
5,2017,Rukwa,18.77879032,5_2017
6,2017,Rukwa,18.06425667,6_2017
7,2017,Rukwa,17.75902258,7_2017
8,2017,Rukwa,19.24780968,8_2017
9,2017,Rukwa,21.29906,9_2017
10,2017,Rukwa,23.12804516,10_2017
11,2017,Rukwa,21.30205333,11_2017
12,2017,Rukwa,20.30833871,12_2017
1,2018,Rukwa,18.66743548,1_2018
2,2018,Rukwa,19.92027857,2_2018
3,2018,Rukwa,19.32127097,3_2018
4,2018,Rukwa,18.85421,4_2018
5,2018,Rukwa,18.73920645,5_2018
6,2018,Rukwa,17.50698,6_2018
7,2018,Rukwa,16.68379355,7_2018
8,2018,Rukwa,19.25639355,8_2018
9,2018,Rukwa,20.1140375,9_2018
1,2010,Ruvuma,21.95808065,1_2010
2,2010,Ruvuma,21.61081786,2_2010
3,2010,Ruvuma,21.22859355,3_2010
4,2010,Ruvuma,20.91330333,4_2010
5,2010,Ruvuma,20.46849677,5_2010
6,2010,Ruvuma,17.96180333,6_2010
7,2010,Ruvuma,17.49383226,7_2010
8,2010,Ruvuma,18.29872258,8_2010
9,2010,Ruvuma,21.10093667,9_2010
10,2010,Ruvuma,23.66580323,10_2010
11,2010,Ruvuma,24.17997,11_2010
12,2010,Ruvuma,22.80144839,12_2010
1,2011,Ruvuma,21.80063871,1_2011
2,2011,Ruvuma,20.89706071,2_2011
3,2011,Ruvuma,20.61687742,3_2011
4,2011,Ruvuma,20.13170333,4_2011
5,2011,Ruvuma,18.95614516,5_2011
6,2011,Ruvuma,18.26908,6_2011
7,2011,Ruvuma,17.26211935,7_2011
8,2011,Ruvuma,18.68952903,8_2011
9,2011,Ruvuma,21.23389,9_2011
10,2011,Ruvuma,23.02903871,10_2011
11,2011,Ruvuma,24.30764667,11_2011
12,2011,Ruvuma,22.86824839,12_2011
1,2012,Ruvuma,21.69847742,1_2012
2,2012,Ruvuma,21.24218621,2_2012
3,2012,Ruvuma,20.7483,3_2012
4,2012,Ruvuma,19.42560667,4_2012
5,2012,Ruvuma,18.78564839,5_2012
6,2012,Ruvuma,17.62090667,6_2012
7,2012,Ruvuma,17.25570645,7_2012
8,2012,Ruvuma,19.4557,8_2012
9,2012,Ruvuma,21.54010333,9_2012
10,2012,Ruvuma,23.18448065,10_2012
11,2012,Ruvuma,23.83578,11_2012
12,2012,Ruvuma,22.99745484,12_2012
1,2013,Ruvuma,21.69137097,1_2013
2,2013,Ruvuma,21.40268929,2_2013
3,2013,Ruvuma,20.51863871,3_2013
4,2013,Ruvuma,20.09941333,4_2013
5,2013,Ruvuma,18.74942258,5_2013
6,2013,Ruvuma,17.38451,6_2013
7,2013,Ruvuma,17.08553871,7_2013
8,2013,Ruvuma,18.9282871,8_2013
9,2013,Ruvuma,21.58426333,9_2013
10,2013,Ruvuma,22.66101613,10_2013
11,2013,Ruvuma,23.96270333,11_2013
12,2013,Ruvuma,22.4582871,12_2013
1,2014,Ruvuma,21.45299677,1_2014
2,2014,Ruvuma,21.44413214,2_2014
3,2014,Ruvuma,20.64850968,3_2014
4,2014,Ruvuma,19.72970667,4_2014
5,2014,Ruvuma,19.03555484,5_2014
6,2014,Ruvuma,17.74348,6_2014
7,2014,Ruvuma,17.46911613,7_2014
8,2014,Ruvuma,19.27961613,8_2014
9,2014,Ruvuma,20.65729333,9_2014
10,2014,Ruvuma,22.56699355,10_2014
11,2014,Ruvuma,23.82555,11_2014
12,2014,Ruvuma,22.91979032,12_2014
1,2015,Ruvuma,21.52988387,1_2015
2,2015,Ruvuma,21.34072143,2_2015
3,2015,Ruvuma,20.57885484,3_2015
4,2015,Ruvuma,20.14467333,4_2015
5,2015,Ruvuma,19.30978387,5_2015
6,2015,Ruvuma,17.94297333,6_2015
7,2015,Ruvuma,17.91471613,7_2015
8,2015,Ruvuma,19.43836452,8_2015
9,2015,Ruvuma,21.69578,9_2015
10,2015,Ruvuma,23.67387742,10_2015
11,2015,Ruvuma,23.47049333,11_2015
12,2015,Ruvuma,23.28733548,12_2015
1,2016,Ruvuma,22.02087097,1_2016
2,2016,Ruvuma,21.92807586,2_2016
3,2016,Ruvuma,22.06705484,3_2016
4,2016,Ruvuma,20.52847,4_2016
5,2016,Ruvuma,18.21369677,5_2016
6,2016,Ruvuma,17.40461667,6_2016
7,2016,Ruvuma,17.47612581,7_2016
8,2016,Ruvuma,18.8981129,8_2016
9,2016,Ruvuma,21.2204,9_2016
10,2016,Ruvuma,23.29276774,10_2016
11,2016,Ruvuma,24.44628667,11_2016
12,2016,Ruvuma,23.30710645,12_2016
1,2017,Ruvuma,21.91218065,1_2017
2,2017,Ruvuma,21.31046786,2_2017
3,2017,Ruvuma,21.11224839,3_2017
4,2017,Ruvuma,19.78101667,4_2017
5,2017,Ruvuma,19.2245,5_2017
6,2017,Ruvuma,18.06178667,6_2017
7,2017,Ruvuma,17.70995161,7_2017
8,2017,Ruvuma,18.93384194,8_2017
9,2017,Ruvuma,22.02953667,9_2017
10,2017,Ruvuma,23.7529129,10_2017
11,2017,Ruvuma,23.37407,11_2017
12,2017,Ruvuma,22.44912581,12_2017
1,2018,Ruvuma,21.31329032,1_2018
2,2018,Ruvuma,21.03413929,2_2018
3,2018,Ruvuma,20.90722903,3_2018
4,2018,Ruvuma,19.9467,4_2018
5,2018,Ruvuma,19.22605161,5_2018
6,2018,Ruvuma,17.88717667,6_2018
7,2018,Ruvuma,17.21841935,7_2018
8,2018,Ruvuma,19.72882903,8_2018
9,2018,Ruvuma,20.8185125,9_2018
1,2010,Shinyanga,20.47679032,1_2010
2,2010,Shinyanga,20.95837857,2_2010
3,2010,Shinyanga,20.66274194,3_2010
4,2010,Shinyanga,21.49724333,4_2010
5,2010,Shinyanga,21.03996129,5_2010
6,2010,Shinyanga,20.11889,6_2010
7,2010,Shinyanga,19.31856774,7_2010
8,2010,Shinyanga,20.08309032,8_2010
9,2010,Shinyanga,21.92488,9_2010
10,2010,Shinyanga,23.67197419,10_2010
11,2010,Shinyanga,23.23864667,11_2010
12,2010,Shinyanga,20.79774194,12_2010
1,2011,Shinyanga,19.63841935,1_2011
2,2011,Shinyanga,19.87741786,2_2011
3,2011,Shinyanga,19.87499032,3_2011
4,2011,Shinyanga,19.69668,4_2011
5,2011,Shinyanga,19.81921613,5_2011
6,2011,Shinyanga,19.81016667,6_2011
7,2011,Shinyanga,18.92657097,7_2011
8,2011,Shinyanga,20.15743871,8_2011
9,2011,Shinyanga,21.88337,9_2011
10,2011,Shinyanga,22.63955806,10_2011
11,2011,Shinyanga,22.06210667,11_2011
12,2011,Shinyanga,20.02529032,12_2011
1,2012,Shinyanga,20.15289032,1_2012
2,2012,Shinyanga,20.14783103,2_2012
3,2012,Shinyanga,20.23409032,3_2012
4,2012,Shinyanga,19.37213667,4_2012
5,2012,Shinyanga,19.35633548,5_2012
6,2012,Shinyanga,18.98529667,6_2012
7,2012,Shinyanga,18.79440323,7_2012
8,2012,Shinyanga,20.33496129,8_2012
9,2012,Shinyanga,22.13177333,9_2012
10,2012,Shinyanga,23.63904839,10_2012
11,2012,Shinyanga,22.41548333,11_2012
12,2012,Shinyanga,20.46470968,12_2012
1,2013,Shinyanga,19.95979032,1_2013
2,2013,Shinyanga,19.97855714,2_2013
3,2013,Shinyanga,20.14375806,3_2013
4,2013,Shinyanga,19.29414,4_2013
5,2013,Shinyanga,19.28048387,5_2013
6,2013,Shinyanga,18.27674667,6_2013
7,2013,Shinyanga,18.27091613,7_2013
8,2013,Shinyanga,19.87569032,8_2013
9,2013,Shinyanga,22.11099667,9_2013
10,2013,Shinyanga,22.88106129,10_2013
11,2013,Shinyanga,22.53935667,11_2013
12,2013,Shinyanga,19.98164839,12_2013
1,2014,Shinyanga,19.40390323,1_2014
2,2014,Shinyanga,19.50038571,2_2014
3,2014,Shinyanga,19.65411613,3_2014
4,2014,Shinyanga,19.52216,4_2014
5,2014,Shinyanga,19.64833226,5_2014
6,2014,Shinyanga,19.41042333,6_2014
7,2014,Shinyanga,19.15606129,7_2014
8,2014,Shinyanga,20.42915161,8_2014
9,2014,Shinyanga,21.36971,9_2014
10,2014,Shinyanga,22.65137097,10_2014
11,2014,Shinyanga,22.28671667,11_2014
12,2014,Shinyanga,20.24717419,12_2014
1,2015,Shinyanga,19.56585161,1_2015
2,2015,Shinyanga,19.91654643,2_2015
3,2015,Shinyanga,20.40079355,3_2015
4,2015,Shinyanga,19.43315333,4_2015
5,2015,Shinyanga,19.73523226,5_2015
6,2015,Shinyanga,19.91223333,6_2015
7,2015,Shinyanga,19.29167419,7_2015
8,2015,Shinyanga,20.20063548,8_2015
9,2015,Shinyanga,22.39314,9_2015
10,2015,Shinyanga,23.66277097,10_2015
11,2015,Shinyanga,21.89141667,11_2015
12,2015,Shinyanga,20.10150323,12_2015
1,2016,Shinyanga,19.82907742,1_2016
2,2016,Shinyanga,20.08091034,2_2016
3,2016,Shinyanga,21.0499129,3_2016
4,2016,Shinyanga,19.81997333,4_2016
5,2016,Shinyanga,19.34725806,5_2016
6,2016,Shinyanga,18.92075333,6_2016
7,2016,Shinyanga,18.72146452,7_2016
8,2016,Shinyanga,19.87594516,8_2016
9,2016,Shinyanga,21.72382667,9_2016
10,2016,Shinyanga,23.13584516,10_2016
11,2016,Shinyanga,22.69582,11_2016
12,2016,Shinyanga,21.14702581,12_2016
1,2017,Shinyanga,20.35874516,1_2017
2,2017,Shinyanga,20.11894286,2_2017
3,2017,Shinyanga,20.19222903,3_2017
4,2017,Shinyanga,20.11019,4_2017
5,2017,Shinyanga,19.90816129,5_2017
6,2017,Shinyanga,19.70940333,6_2017
7,2017,Shinyanga,19.42294516,7_2017
8,2017,Shinyanga,20.76155484,8_2017
9,2017,Shinyanga,22.43798,9_2017
10,2017,Shinyanga,23.40553226,10_2017
11,2017,Shinyanga,21.63469667,11_2017
12,2017,Shinyanga,20.84247097,12_2017
1,2018,Shinyanga,18.85049677,1_2018
2,2018,Shinyanga,20.24827143,2_2018
3,2018,Shinyanga,19.11946774,3_2018
4,2018,Shinyanga,18.8118,4_2018
5,2018,Shinyanga,18.98963871,5_2018
6,2018,Shinyanga,18.85733,6_2018
7,2018,Shinyanga,18.52287097,7_2018
8,2018,Shinyanga,20.26438065,8_2018
9,2018,Shinyanga,21.071725,9_2018
1,2015,Singida,19.14774839,1_2015
2,2015,Singida,19.846825,2_2015
3,2015,Singida,19.54014516,3_2015
4,2015,Singida,19.13036,4_2015
5,2015,Singida,18.91986774,5_2015
6,2015,Singida,18.36605667,6_2015
7,2015,Singida,17.61235484,7_2015
8,2015,Singida,18.45712581,8_2015
9,2015,Singida,20.40508667,9_2015
10,2015,Singida,22.4596129,10_2015
11,2015,Singida,22.72786667,11_2015
12,2015,Singida,21.23327097,12_2015
1,2016,Singida,19.89149677,1_2016
2,2016,Singida,19.62476897,2_2016
3,2016,Singida,20.67101935,3_2016
4,2016,Singida,19.3898,4_2016
5,2016,Singida,18.06795484,5_2016
6,2016,Singida,17.29631667,6_2016
7,2016,Singida,16.75369032,7_2016
8,2016,Singida,18.21561613,8_2016
9,2016,Singida,19.60907333,9_2016
10,2016,Singida,21.74684194,10_2016
11,2016,Singida,22.65755667,11_2016
12,2016,Singida,21.25108065,12_2016
1,2017,Singida,20.48583226,1_2017
2,2017,Singida,19.88431786,2_2017
3,2017,Singida,19.53503871,3_2017
4,2017,Singida,18.88836,4_2017
5,2017,Singida,18.59300968,5_2017
6,2017,Singida,17.84125667,6_2017
7,2017,Singida,17.47192581,7_2017
8,2017,Singida,18.99922258,8_2017
9,2017,Singida,20.52028,9_2017
10,2017,Singida,22.60212581,10_2017
11,2017,Singida,22.36489,11_2017
12,2017,Singida,21.95274839,12_2017
1,2018,Singida,19.06160645,1_2018
2,2018,Singida,19.86084286,2_2018
3,2018,Singida,18.90581935,3_2018
4,2018,Singida,18.82714667,4_2018
5,2018,Singida,18.69661613,5_2018
6,2018,Singida,17.6584,6_2018
7,2018,Singida,17.13720323,7_2018
8,2018,Singida,18.4855871,8_2018
9,2018,Singida,19.2115,9_2018
1,2010,Tabora,20.27058387,1_2010
2,2010,Tabora,20.64623214,2_2010
3,2010,Tabora,20.54167097,3_2010
4,2010,Tabora,21.36234,4_2010
5,2010,Tabora,21.14822581,5_2010
6,2010,Tabora,19.35742333,6_2010
7,2010,Tabora,18.46156774,7_2010
8,2010,Tabora,19.32383548,8_2010
9,2010,Tabora,21.39318333,9_2010
10,2010,Tabora,23.42029677,10_2010
11,2010,Tabora,23.32557,11_2010
12,2010,Tabora,21.05522581,12_2010
1,2011,Tabora,19.76661935,1_2011
2,2011,Tabora,19.66525,2_2011
3,2011,Tabora,19.76215484,3_2011
4,2011,Tabora,19.60220333,4_2011
5,2011,Tabora,19.66734194,5_2011
6,2011,Tabora,19.01511333,6_2011
7,2011,Tabora,18.04806452,7_2011
8,2011,Tabora,19.54207742,8_2011
9,2011,Tabora,21.47856,9_2011
10,2011,Tabora,22.92663871,10_2011
11,2011,Tabora,22.28837667,11_2011
12,2011,Tabora,20.13179355,12_2011
1,2012,Tabora,20.07478065,1_2012
2,2012,Tabora,19.62696207,2_2012
3,2012,Tabora,19.94303226,3_2012
4,2012,Tabora,19.31547333,4_2012
5,2012,Tabora,19.38374839,5_2012
6,2012,Tabora,18.35323,6_2012
7,2012,Tabora,17.82773871,7_2012
8,2012,Tabora,19.6788871,8_2012
9,2012,Tabora,21.66388333,9_2012
10,2012,Tabora,23.48765484,10_2012
11,2012,Tabora,22.73143333,11_2012
12,2012,Tabora,20.66503548,12_2012
1,2013,Tabora,20.08602581,1_2013
2,2013,Tabora,20.08595,2_2013
3,2013,Tabora,19.91935806,3_2013
4,2013,Tabora,19.39078333,4_2013
5,2013,Tabora,19.19867742,5_2013
6,2013,Tabora,17.42761667,6_2013
7,2013,Tabora,17.43968387,7_2013
8,2013,Tabora,19.28228065,8_2013
9,2013,Tabora,21.82932333,9_2013
10,2013,Tabora,22.69932903,10_2013
11,2013,Tabora,22.92200667,11_2013
12,2013,Tabora,20.31749677,12_2013
1,2014,Tabora,19.64465484,1_2014
2,2014,Tabora,19.511575,2_2014
3,2014,Tabora,19.49687097,3_2014
4,2014,Tabora,19.46837,4_2014
5,2014,Tabora,19.39976452,5_2014
6,2014,Tabora,18.72812667,6_2014
7,2014,Tabora,18.28545484,7_2014
8,2014,Tabora,20.21884839,8_2014
9,2014,Tabora,21.22437333,9_2014
10,2014,Tabora,22.71291613,10_2014
11,2014,Tabora,22.67488333,11_2014
12,2014,Tabora,20.51583226,12_2014
1,2015,Tabora,19.45451613,1_2015
2,2015,Tabora,20.07985,2_2015
3,2015,Tabora,20.06523871,3_2015
4,2015,Tabora,19.33652333,4_2015
5,2015,Tabora,19.63199355,5_2015
6,2015,Tabora,19.03064667,6_2015
7,2015,Tabora,18.59393226,7_2015
8,2015,Tabora,19.71302903,8_2015
9,2015,Tabora,21.81202333,9_2015
10,2015,Tabora,23.47242258,10_2015
11,2015,Tabora,22.00563333,11_2015
12,2015,Tabora,20.42617419,12_2015
1,2016,Tabora,20.04758065,1_2016
2,2016,Tabora,20.28317586,2_2016
3,2016,Tabora,21.20730645,3_2016
4,2016,Tabora,20.01281333,4_2016
5,2016,Tabora,18.92805484,5_2016
6,2016,Tabora,18.19373667,6_2016
7,2016,Tabora,17.63695806,7_2016
8,2016,Tabora,19.40667742,8_2016
9,2016,Tabora,21.17522,9_2016
10,2016,Tabora,23.04941613,10_2016
11,2016,Tabora,23.13393,11_2016
12,2016,Tabora,21.05596129,12_2016
1,2017,Tabora,20.07992903,1_2017
2,2017,Tabora,20.03500714,2_2017
3,2017,Tabora,19.99477742,3_2017
4,2017,Tabora,19.65572333,4_2017
5,2017,Tabora,19.55153226,5_2017
6,2017,Tabora,18.81178,6_2017
7,2017,Tabora,18.37020323,7_2017
8,2017,Tabora,20.18225161,8_2017
9,2017,Tabora,21.93201,9_2017
10,2017,Tabora,23.61168065,10_2017
11,2017,Tabora,22.04901333,11_2017
12,2017,Tabora,20.92417419,12_2017
1,2018,Tabora,18.75800323,1_2018
2,2018,Tabora,20.11603571,2_2018
3,2018,Tabora,19.30846452,3_2018
4,2018,Tabora,19.11869667,4_2018
5,2018,Tabora,19.26210968,5_2018
6,2018,Tabora,18.28259,6_2018
7,2018,Tabora,17.87514516,7_2018
8,2018,Tabora,19.75807742,8_2018
9,2018,Tabora,20.6876625,9_2018
1,2010,Tanga,23.49169677,1_2010
2,2010,Tanga,24.87116786,2_2010
3,2010,Tanga,24.27054839,3_2010
4,2010,Tanga,22.76476333,4_2010
5,2010,Tanga,21.90968387,5_2010
6,2010,Tanga,20.71483333,6_2010
7,2010,Tanga,19.88852258,7_2010
8,2010,Tanga,20.54053548,8_2010
9,2010,Tanga,21.89443333,9_2010
10,2010,Tanga,24.66955161,10_2010
11,2010,Tanga,24.68567,11_2010
12,2010,Tanga,23.92643226,12_2010
1,2011,Tanga,24.42304516,1_2011
2,2011,Tanga,24.6518,2_2011
3,2011,Tanga,24.85961613,3_2011
4,2011,Tanga,22.69482,4_2011
5,2011,Tanga,21.50309355,5_2011
6,2011,Tanga,21.03951,6_2011
7,2011,Tanga,20.52640645,7_2011
8,2011,Tanga,20.99434839,8_2011
9,2011,Tanga,22.03899667,9_2011
10,2011,Tanga,23.17861613,10_2011
11,2011,Tanga,25.13924667,11_2011
12,2011,Tanga,24.93647742,12_2011
1,2012,Tanga,24.70060323,1_2012
2,2012,Tanga,25.14167931,2_2012
3,2012,Tanga,25.07621613,3_2012
4,2012,Tanga,22.82593667,4_2012
5,2012,Tanga,21.54083871,5_2012
6,2012,Tanga,20.78626667,6_2012
7,2012,Tanga,20.43886452,7_2012
8,2012,Tanga,21.11981935,8_2012
9,2012,Tanga,22.48171667,9_2012
10,2012,Tanga,24.69780645,10_2012
11,2012,Tanga,25.66946333,11_2012
12,2012,Tanga,25.28671935,12_2012
1,2013,Tanga,24.44811613,1_2013
2,2013,Tanga,24.87582857,2_2013
3,2013,Tanga,24.02004194,3_2013
4,2013,Tanga,22.89132,4_2013
5,2013,Tanga,21.12034516,5_2013
6,2013,Tanga,20.25477333,6_2013
7,2013,Tanga,20.05532581,7_2013
8,2013,Tanga,20.65890968,8_2013
9,2013,Tanga,22.51348,9_2013
10,2013,Tanga,23.28565806,10_2013
11,2013,Tanga,24.71016667,11_2013
12,2013,Tanga,24.23546774,12_2013
1,2014,Tanga,24.42007742,1_2014
2,2014,Tanga,23.94286429,2_2014
3,2014,Tanga,23.41926452,3_2014
4,2014,Tanga,22.22394,4_2014
5,2014,Tanga,20.89480323,5_2014
6,2014,Tanga,20.53589667,6_2014
7,2014,Tanga,20.16744194,7_2014
8,2014,Tanga,21.11670968,8_2014
9,2014,Tanga,21.78713333,9_2014
10,2014,Tanga,23.60010968,10_2014
11,2014,Tanga,24.86436333,11_2014
12,2014,Tanga,23.76973548,12_2014
